experimento,hormigas,iteracion,mejor_costo
ants_10,40,1,6855.457334
ants_10,40,2,6670.609333
ants_10,40,3,6549.810999
ants_10,40,4,6549.810999
ants_10,40,5,6549.810999
ants_10,40,6,6549.810999
ants_10,40,7,6549.810999
ants_10,40,8,6549.810999
ants_10,40,9,6549.810999
ants_10,40,10,6549.810999
ants_10,40,11,6549.810999
ants_10,40,12,6549.810999
ants_10,40,13,6376.811329
ants_10,40,14,6376.811329
ants_10,40,15,6376.811329
ants_10,40,16,5984.55
ants_10,40,17,5981.778329
ants_10,40,18,5560.657665
ants_10,40,19,5560.657665
ants_10,40,20,5466.565329
ants_10,40,21,4801.819663
ants_10,40,22,4801.819663
ants_10,40,23,4801.819663
ants_10,40,24,4801.819663
ants_10,40,25,4801.819663
ants_10,40,26,4801.819663
ants_10,40,27,4689.647331
ants_10,40,28,4566.908664
ants_10,40,29,4565.905331
ants_10,40,30,4534.004332
ants_10,40,31,4534.004332
ants_10,40,32,4534.004332
ants_10,40,33,4505.030666
ants_10,40,34,4505.030666
ants_10,40,35,4471.569332
ants_10,40,36,4471.569332
ants_10,40,37,4471.569332
ants_10,40,38,4471.569332
ants_10,40,39,4471.569332
ants_10,40,40,4471.569332
ants_10,40,41,4471.569332
ants_10,40,42,4471.569332
ants_10,40,43,4471.569332
ants_10,40,44,4471.569332
ants_10,40,45,4471.569332
ants_10,40,46,4471.569332
ants_10,40,47,4471.569332
ants_10,40,48,4471.569332
ants_10,40,49,4471.569332
ants_10,40,50,4471.569332
ants_10,40,51,4471.569332
ants_10,40,52,4471.569332
ants_10,40,53,4471.569332
ants_10,40,54,4471.569332
ants_10,40,55,4471.569332
ants_10,40,56,4471.569332
ants_10,40,57,4471.569332
ants_10,40,58,4471.569332
ants_10,40,59,4471.569332
ants_10,40,60,4471.569332
ants_20,60,1,6670.609333
ants_20,60,2,6549.810999
ants_20,60,3,6499.688664
ants_20,60,4,6431.513667
ants_20,60,5,6431.513667
ants_20,60,6,6431.513667
ants_20,60,7,6431.513667
ants_20,60,8,6431.513667
ants_20,60,9,6380.165662
ants_20,60,10,6380.165662
ants_20,60,11,6380.165662
ants_20,60,12,6206.107998
ants_20,60,13,6206.107998
ants_20,60,14,6206.107998
ants_20,60,15,6206.107998
ants_20,60,16,5754.393
ants_20,60,17,5754.393
ants_20,60,18,5754.393
ants_20,60,19,5713.551998
ants_20,60,20,5627.961
ants_20,60,21,5325.227664
ants_20,60,22,5215.206335
ants_20,60,23,5215.206335
ants_20,60,24,5020.399665
ants_20,60,25,5010.135998
ants_20,60,26,4954.892332
ants_20,60,27,4872.346664
ants_20,60,28,4772.329668
ants_20,60,29,4772.329668
ants_20,60,30,4738.116997
ants_20,60,31,4552.143998
ants_20,60,32,4552.143998
ants_20,60,33,4552.143998
ants_20,60,34,4552.143998
ants_20,60,35,4552.143998
ants_20,60,36,4552.143998
ants_20,60,37,4552.143998
ants_20,60,38,4480.341998
ants_20,60,39,4438.039331
ants_20,60,40,4399.796998
ants_20,60,41,4374.938998
ants_20,60,42,4359.832332
ants_20,60,43,4359.832332
ants_20,60,44,4359.832332
ants_20,60,45,4359.832332
ants_20,60,46,4359.832332
ants_20,60,47,4359.832332
ants_20,60,48,4359.832332
ants_20,60,49,4359.832332
ants_20,60,50,4359.832332
ants_20,60,51,4359.832332
ants_20,60,52,4359.832332
ants_20,60,53,4359.832332
ants_20,60,54,4359.832332
ants_20,60,55,4359.832332
ants_20,60,56,4359.832332
ants_20,60,57,4359.832332
ants_20,60,58,4359.832332
ants_20,60,59,4359.832332
ants_20,60,60,4359.832332
ants_40,100,1,6549.810999
ants_40,100,2,6499.688664
ants_40,100,3,6431.513667
ants_40,100,4,6431.513667
ants_40,100,5,6431.513667
ants_40,100,6,6431.513667
ants_40,100,7,6299.647005
ants_40,100,8,6299.647005
ants_40,100,9,6136.943661
ants_40,100,10,6136.943661
ants_40,100,11,6136.943661
ants_40,100,12,6023.360995
ants_40,100,13,6023.360995
ants_40,100,14,5992.078999
ants_40,100,15,5992.078999
ants_40,100,16,5992.078999
ants_40,100,17,5992.078999
ants_40,100,18,5502.294664
ants_40,100,19,5502.294664
ants_40,100,20,5502.294664
ants_40,100,21,5182.860999
ants_40,100,22,5068.669999
ants_40,100,23,5068.669999
ants_40,100,24,5068.669999
ants_40,100,25,4898.037664
ants_40,100,26,4845.902333
ants_40,100,27,4691.601999
ants_40,100,28,4630.502
ants_40,100,29,4610.842667
ants_40,100,30,4451.250667
ants_40,100,31,4434.687001
ants_40,100,32,4434.687001
ants_40,100,33,4434.687001
ants_40,100,34,4434.687001
ants_40,100,35,4434.687001
ants_40,100,36,4434.687001
ants_40,100,37,4434.687001
ants_40,100,38,4434.687001
ants_40,100,39,4434.687001
ants_40,100,40,4434.687001
ants_40,100,41,4434.687001
ants_40,100,42,4434.687001
ants_40,100,43,4434.687001
ants_40,100,44,4434.687001
ants_40,100,45,4434.687001
ants_40,100,46,4434.687001
ants_40,100,47,4434.687001
ants_40,100,48,4434.687001
ants_40,100,49,4434.687001
ants_40,100,50,4434.687001
ants_40,100,51,4434.687001
ants_40,100,52,4434.687001
ants_40,100,53,4434.687001
ants_40,100,54,4434.687001
ants_40,100,55,4434.687001
ants_40,100,56,4434.687001
ants_40,100,57,4434.687001
ants_40,100,58,4434.687001
ants_40,100,59,4434.687001
ants_40,100,60,4434.687001
ants_60,150,1,6549.810999
ants_60,150,2,6431.513667
ants_60,150,3,6431.513667
ants_60,150,4,6266.375666
ants_60,150,5,6266.375666
ants_60,150,6,6167.504994
ants_60,150,7,6167.504994
ants_60,150,8,6167.504994
ants_60,150,9,6167.504994
ants_60,150,10,6167.504994
ants_60,150,11,6167.504994
ants_60,150,12,6167.504994
ants_60,150,13,6167.504994
ants_60,150,14,6043.784999
ants_60,150,15,6043.784999
ants_60,150,16,6019.115001
ants_60,150,17,5634.892
ants_60,150,18,5572.267001
ants_60,150,19,5048.953999
ants_60,150,20,4984.550668
ants_60,150,21,4984.550668
ants_60,150,22,4899.196332
ants_60,150,23,4796.092334
ants_60,150,24,4792.330333
ants_60,150,25,4497.826333
ants_60,150,26,4497.826333
ants_60,150,27,4437.924332
ants_60,150,28,4400.637332
ants_60,150,29,4328.825332
ants_60,150,30,4283.143334
ants_60,150,31,4283.143334
ants_60,150,32,4281.479666
ants_60,150,33,4281.479666
ants_60,150,34,4281.479666
ants_60,150,35,4281.479666
ants_60,150,36,4281.479666
ants_60,150,37,4281.479666
ants_60,150,38,4281.479666
ants_60,150,39,4281.479666
ants_60,150,40,4281.479666
ants_60,150,41,4281.479666
ants_60,150,42,4281.479666
ants_60,150,43,4281.479666
ants_60,150,44,4270.248999
ants_60,150,45,4270.248999
ants_60,150,46,4270.248999
ants_60,150,47,4270.248999
ants_60,150,48,4270.248999
ants_60,150,49,4270.248999
ants_60,150,50,4270.248999
ants_60,150,51,4270.248999
ants_60,150,52,4270.248999
ants_60,150,53,4270.248999
ants_60,150,54,4270.248999
ants_60,150,55,4270.248999
ants_60,150,56,4270.248999
ants_60,150,57,4270.248999
ants_60,150,58,4270.248999
ants_60,150,59,4270.248999
ants_60,150,60,4270.248999
ants_80,250,1,6431.513667
ants_80,250,2,6431.513667
ants_80,250,3,6266.375666
ants_80,250,4,6266.375666
ants_80,250,5,5970.229323
ants_80,250,6,5970.229323
ants_80,250,7,5970.229323
ants_80,250,8,5827.310001
ants_80,250,9,5827.310001
ants_80,250,10,5827.310001
ants_80,250,11,5827.310001
ants_80,250,12,5827.310001
ants_80,250,13,5827.310001
ants_80,250,14,5827.310001
ants_80,250,15,5827.310001
ants_80,250,16,5827.310001
ants_80,250,17,5495.752998
ants_80,250,18,5495.752998
ants_80,250,19,5314.231
ants_80,250,20,5278.683336
ants_80,250,21,4997.456331
ants_80,250,22,4958.185666
ants_80,250,23,4847.191667
ants_80,250,24,4821.416332
ants_80,250,25,4669.260668
ants_80,250,26,4656.760998
ants_80,250,27,4499.459333
ants_80,250,28,4454.214999
ants_80,250,29,4294.346333
ants_80,250,30,4294.346333
ants_80,250,31,4294.346333
ants_80,250,32,4294.346333
ants_80,250,33,4290.778665
ants_80,250,34,4290.778665
ants_80,250,35,4290.778665
ants_80,250,36,4244.062665
ants_80,250,37,4178.349998
ants_80,250,38,4178.349998
ants_80,250,39,4156.558999
ants_80,250,40,4156.558999
ants_80,250,41,4156.558999
ants_80,250,42,4141.753998
ants_80,250,43,4141.753998
ants_80,250,44,4141.753998
ants_80,250,45,4141.753998
ants_80,250,46,4141.753998
ants_80,250,47,4141.753998
ants_80,250,48,4141.753998
ants_80,250,49,4141.753998
ants_80,250,50,4141.753998
ants_80,250,51,4141.753998
ants_80,250,52,4141.753998
ants_80,250,53,4141.753998
ants_80,250,54,4141.753998
ants_80,250,55,4141.753998
ants_80,250,56,4123.499333
ants_80,250,57,4123.499333
ants_80,250,58,4123.499333
ants_80,250,59,4123.499333
ants_80,250,60,4123.499333
