indice_inicio,indice_destino,ciudad_inicio,ciudad_destino,peso,distancia,tiempo(min),peajes(euros),gasolina(euros),costo_vendedor(euros)
0,39,Bourg-en-Bresse,Lons-le-Saunier,32.459667,74.0,59.0,5.3,15.34,11.819667
0,69,Bourg-en-Bresse,Lyon,41.063,84.0,69.0,9.3,17.94,13.823
0,71,Bourg-en-Bresse,Mâcon,41.063,84.0,69.0,9.3,17.94,13.823
0,74,Bourg-en-Bresse,Annecy,41.063,84.0,69.0,9.3,17.94,13.823
1,7,Laon,Charleville-Mézières,46.954,112.0,102.0,0.0,26.52,20.434
1,51,Laon,Châlons-en-Champagne,46.026667,115.0,80.0,9.2,20.8,16.026667
1,59,Laon,Lille,59.435,159.0,105.0,11.1,27.3,21.035
1,60,Laon,Beauvais,51.557333,135.0,112.0,0.0,29.12,22.437333
1,62,Laon,Arras,49.788667,131.0,86.0,10.2,22.36,17.228667
1,77,Laon,Melun,67.303667,177.0,131.0,7.0,34.06,26.243667
1,80,Laon,Amiens,50.93,127.0,90.0,9.5,23.4,18.03
1,93,Laon,Bobigny,44.652333,128.0,97.0,0.0,25.22,19.432333
1,95,Laon,Cergy,52.938333,157.0,115.0,0.0,29.9,23.038333
2,17,Moulins,Bourges,41.43,101.0,90.0,0.0,23.4,18.03
2,23,Moulins,Guéret,48.031667,146.0,95.0,4.3,24.7,19.031667
2,58,Moulins,Nevers,23.477,57.0,51.0,0.0,13.26,10.217
2,63,Moulins,Clermont-Ferrand,15.191,19.0,33.0,0.0,8.58,6.611
2,69,Moulins,Lyon,74.65,193.0,150.0,5.6,39.0,30.05
2,71,Moulins,Mâcon,48.773,144.0,99.0,3.2,25.74,19.833
3,4,Digne-les-Bains,Gap,38.564667,87.0,74.0,4.5,19.24,14.824667
3,5,Digne-les-Bains,Nice,70.05,148.0,150.0,1.0,39.0,30.05
3,83,Digne-les-Bains,Toulon,75.541667,193.0,125.0,18.0,32.5,25.041667
3,84,Digne-les-Bains,Avignon,73.981333,194.0,124.0,16.9,32.24,24.841333
4,5,Gap,Nice,126.785667,327.0,197.0,36.1,51.22,39.465667
4,6,Gap,Privas,82.86,168.0,180.0,0.0,46.8,36.06
4,26,Gap,Valence,86.794667,193.0,164.0,11.3,42.64,32.854667
4,38,Gap,Grenoble,53.398667,111.0,116.0,0.0,30.16,23.238667
4,84,Gap,Avignon,88.527667,236.0,143.0,22.7,37.18,28.647667
5,19,Nice,Ajaccio,188.276333,258.0,409.0,0.0,106.34,81.936333
5,20,Nice,Bastia,219.296333,398.0,469.0,3.4,121.94,93.956333
5,83,Nice,Toulon,62.212667,150.0,98.0,17.1,25.48,19.632667
6,26,Privas,Valence,23.796,42.0,48.0,1.7,12.48,9.616
6,42,Privas,Saint-Étienne,66.298667,162.0,116.0,12.9,30.16,23.238667
6,43,Privas,Le Puy-en-Velay,49.716,94.0,108.0,0.0,28.08,21.636
6,48,Privas,Mende,67.669,137.0,147.0,0.0,38.22,29.449
6,84,Privas,Avignon,49.988667,123.0,86.0,10.4,22.36,17.228667
7,51,Charleville-Mézières,Châlons-en-Champagne,40.287,128.0,81.0,3.0,21.06,16.227
7,55,Charleville-Mézières,Bar-le-Duc,61.502,190.0,126.0,3.5,32.76,25.242
7,57,Charleville-Mézières,Metz,63.065667,203.0,137.0,0.0,35.62,27.445667
7,59,Charleville-Mézières,Lille,69.970667,220.0,152.0,0.0,39.52,30.450667
8,10,Foix,Carcassonne,44.045667,124.0,77.0,8.6,20.02,15.425667
8,31,Foix,Toulouse,34.740667,89.0,62.0,6.2,16.12,12.420667
8,65,Foix,Tarbes,64.260667,154.0,122.0,8.1,31.72,24.440667
8,66,Foix,Perpignan,81.784667,235.0,134.0,20.1,34.84,26.844667
9,51,Troyes,Châlons-en-Champagne,81.784667,235.0,134.0,20.1,34.84,26.844667
9,52,Troyes,Chaumont,81.784667,235.0,134.0,20.1,34.84,26.844667
9,55,Troyes,Bar-le-Duc,37.482,103.0,66.0,7.1,17.16,13.222
9,77,Troyes,Melun,46.947333,124.0,82.0,9.2,21.32,16.427333
9,89,Troyes,Auxerre,39.128333,76.0,85.0,0.0,22.1,17.028333
10,31,Carcassonne,Toulouse,39.682,95.0,66.0,9.3,17.16,13.222
10,34,Carcassonne,Montpellier,63.793667,157.0,101.0,17.3,26.26,20.233667
10,66,Carcassonne,Perpignan,45.504333,114.0,73.0,11.9,18.98,14.624333
10,81,Carcassonne,Albi,45.504333,114.0,73.0,11.9,18.98,14.624333
11,14,Rodez,Aurillac,25.318333,72.0,55.0,0.0,14.3,11.018333
11,34,Rodez,Montpellier,47.414333,103.0,103.0,0.0,26.78,20.634333
11,46,Rodez,Cahors,47.414333,103.0,103.0,0.0,26.78,20.634333
11,48,Rodez,Mende,41.43,108.0,90.0,0.0,23.4,18.03
11,81,Rodez,Albi,41.43,108.0,90.0,0.0,23.4,18.03
11,82,Rodez,Montauban,51.097,150.0,111.0,0.0,28.86,22.237
12,30,Marseille,Nîmes,51.097,150.0,111.0,0.0,28.86,22.237
12,83,Marseille,Toulon,51.097,150.0,111.0,0.0,28.86,22.237
12,84,Marseille,Avignon,30.518333,64.0,55.0,5.2,14.3,11.018333
13,27,Caen,Évreux,57.552333,155.0,97.0,12.9,25.22,19.432333
13,50,Caen,Saint-Lô,25.318333,75.0,55.0,0.0,14.3,11.018333
13,61,Caen,Alençon,25.318333,75.0,55.0,0.0,14.3,11.018333
13,76,Caen,Rouen,25.318333,75.0,55.0,0.0,14.3,11.018333
14,18,Aurillac,Tulle,35.906,83.0,78.0,0.0,20.28,15.626
14,43,Aurillac,Le Puy-en-Velay,71.351667,172.0,155.0,0.0,40.3,31.051667
14,46,Aurillac,Cahors,60.764,136.0,132.0,0.0,34.32,26.444
14,48,Aurillac,Mende,60.764,151.0,132.0,0.0,34.32,26.444
14,63,Aurillac,Clermont-Ferrand,67.669,171.0,147.0,0.0,38.22,29.449
15,16,Angoulême,La Rochelle,59.379667,155.0,119.0,4.6,30.94,23.839667
15,24,Angoulême,Périgueux,40.049,87.0,87.0,0.0,22.62,17.429
15,33,Angoulême,Bordeaux,44.192,123.0,96.0,0.0,24.96,19.232
15,79,Angoulême,Niort,45.112667,119.0,98.0,0.0,25.48,19.632667
15,86,Angoulême,Poitiers,40.509333,116.0,88.0,0.0,22.88,17.629333
15,87,Angoulême,Limoges,39.128333,109.0,85.0,0.0,22.1,17.028333
16,33,La Rochelle,Bordeaux,74.660667,189.0,122.0,18.5,31.72,24.440667
16,79,La Rochelle,Niort,25.778667,66.0,56.0,0.0,14.56,11.218667
16,85,La Rochelle,La Roche-sur-Yon,38.847333,85.0,82.0,1.1,21.32,16.427333
17,23,Bourges,Guéret,59.436667,173.0,110.0,8.8,28.6,22.036667
17,36,Bourges,Châteauroux,36.344,102.0,72.0,3.2,18.72,14.424
17,37,Bourges,Tours,65.955667,166.0,107.0,16.7,27.82,21.435667
17,41,Bourges,Blois,49.511,116.0,93.0,6.7,24.18,18.631
17,45,Bourges,Orléans,49.511,116.0,93.0,6.7,24.18,18.631
17,58,Bourges,Nevers,34.064667,67.0,74.0,0.0,19.24,14.824667
17,89,Bourges,Auxerre,66.345,144.0,135.0,4.2,35.1,27.045
18,23,Tulle,Guéret,52.478,174.0,114.0,0.0,29.64,22.838
18,24,Tulle,Périgueux,45.426667,108.0,80.0,8.6,20.8,16.026667
18,63,Tulle,Clermont-Ferrand,59.714333,144.0,103.0,12.3,26.78,20.634333
18,87,Tulle,Limoges,30.382,90.0,66.0,0.0,17.16,13.222
19,20,Ajaccio,Bastia,75.034333,150.0,163.0,0.0,42.38,32.654333
19,83,Ajaccio,Toulon,346.074667,696.0,704.0,22.0,183.04,141.034667
20,83,Bastia,Toulon,272.421333,548.0,544.0,22.0,141.44,108.981333
21,25,Dijon,Besançon,41.604333,98.0,73.0,8.0,18.98,14.624333
21,39,Dijon,Lons-le-Saunier,38.002667,98.0,68.0,6.7,17.68,13.622667
21,52,Dijon,Chaumont,41.044,109.0,72.0,7.9,18.72,14.424
21,58,Dijon,Nevers,78.717,182.0,171.0,0.0,44.46,34.257
21,70,Dijon,Vesoul,50.811,136.0,93.0,8.0,24.18,18.631
21,89,Dijon,Auxerre,57.414333,151.0,103.0,10.0,26.78,20.634333
22,29,Saint-Brieuc,Quimper,49.716,154.0,108.0,0.0,28.08,21.636
22,35,Saint-Brieuc,Rennes,30.842333,98.0,67.0,0.0,17.42,13.422333
22,50,Saint-Brieuc,Saint-Lô,56.160667,196.0,122.0,0.0,31.72,24.440667
22,56,Saint-Brieuc,Vannes,43.271333,118.0,94.0,0.0,24.44,18.831333
23,36,Guéret,Châteauroux,36.826667,121.0,80.0,0.0,20.8,16.026667
23,63,Guéret,Clermont-Ferrand,63.578,176.0,114.0,11.1,29.64,22.838
23,86,Guéret,Poitiers,61.684667,147.0,134.0,0.0,34.84,26.844667
23,87,Guéret,Limoges,29.461333,90.0,64.0,0.0,16.64,12.821333
24,33,Périgueux,Bordeaux,52.109333,136.0,88.0,11.6,22.88,17.629333
24,46,Périgueux,Cahors,51.557333,171.0,112.0,0.0,29.12,22.437333
24,47,Périgueux,Agen,58.002,136.0,126.0,0.0,32.76,25.242
24,87,Périgueux,Limoges,46.033333,99.0,100.0,0.0,26.0,20.033333
25,39,Besançon,Lons-le-Saunier,35.445667,84.0,77.0,0.0,20.02,15.425667
25,70,Besançon,Vesoul,21.635667,50.0,47.0,0.0,12.22,9.415667
26,38,Valence,Grenoble,38.92,92.0,60.0,11.3,15.6,12.02
26,42,Valence,Saint-Étienne,48.128333,122.0,85.0,9.0,22.1,17.028333
26,84,Valence,Avignon,52.228333,129.0,85.0,13.1,22.1,17.028333
27,28,Évreux,Chartres,35.445667,85.0,77.0,0.0,20.02,15.425667
27,61,Évreux,Alençon,44.652333,115.0,97.0,0.0,25.22,19.432333
27,76,Évreux,Rouen,26.797667,58.0,53.0,2.4,13.78,10.617667
27,95,Évreux,Cergy,36.604333,79.0,73.0,3.0,18.98,14.624333
28,45,Chartres,Orléans,37.783667,81.0,71.0,5.1,18.46,14.223667
28,72,Chartres,Le Mans,51.949,121.0,87.0,11.9,22.62,17.429
28,78,Chartres,Versailles,41.144,86.0,72.0,8.0,18.72,14.424
29,35,Quimper,Rennes,64.446667,214.0,140.0,0.0,36.4,28.046667
29,56,Quimper,Vannes,36.826667,121.0,80.0,0.0,20.8,16.026667
30,34,Nîmes,Montpellier,25.956333,52.0,49.0,3.4,12.74,9.816333
30,48,Nîmes,Mende,69.510333,146.0,151.0,0.0,39.26,30.250333
30,84,Nîmes,Avignon,25.316667,51.0,50.0,2.3,13.0,10.016667
31,32,Toulouse,Auch,30.382,80.0,66.0,0.0,17.16,13.222
31,65,Toulouse,Tarbes,56.854,155.0,102.0,9.9,26.52,20.434
31,81,Toulouse,Albi,27.478667,75.0,56.0,1.7,14.56,11.218667
31,82,Toulouse,Montauban,25.756333,53.0,49.0,3.2,12.74,9.816333
32,40,Auch,Mont-de-Marsan,45.573,104.0,99.0,0.0,25.74,19.833
32,47,Auch,Agen,36.366333,74.0,79.0,0.0,20.54,15.826333
32,65,Auch,Tarbes,35.445667,73.0,77.0,0.0,20.02,15.425667
32,82,Auch,Montauban,39.128333,86.0,85.0,0.0,22.1,17.028333
33,40,Bordeaux,Mont-de-Marsan,60.771333,134.0,94.0,17.5,24.44,18.831333
33,47,Bordeaux,Agen,53.43,140.0,90.0,12.0,23.4,18.03
34,48,Montpellier,Mende,80.088,200.0,144.0,13.8,37.44,28.848
34,66,Montpellier,Perpignan,63.433333,161.0,100.0,17.4,26.0,20.033333
35,44,Rennes,Nantes,40.509333,110.0,88.0,0.0,22.88,17.629333
35,49,Rennes,Angers,45.112667,132.0,98.0,0.0,25.48,19.632667
35,50,Rennes,Saint-Lô,43.271333,152.0,94.0,0.0,24.44,18.831333
35,53,Rennes,Laval,32.582,82.0,66.0,2.2,17.16,13.222
35,56,Rennes,Vannes,39.128333,112.0,85.0,0.0,22.1,17.028333
36,37,Châteauroux,Tours,51.395333,124.0,106.0,2.6,27.56,21.235333
36,41,Châteauroux,Blois,44.192,101.0,96.0,0.0,24.96,19.232
36,86,Châteauroux,Poitiers,57.081333,128.0,124.0,0.0,32.24,24.841333
37,41,Tours,Blois,29.456333,66.0,49.0,6.9,12.74,9.816333
37,49,Tours,Angers,48.145667,128.0,77.0,12.7,20.02,15.425667
37,72,Tours,Le Mans,48.145667,128.0,77.0,12.7,20.02,15.425667
37,86,Tours,Poitiers,48.145667,128.0,77.0,12.7,20.02,15.425667
38,69,Grenoble,Lyon,219.087,577.0,381.0,43.7,99.06,76.327
38,73,Grenoble,Chambéry,25.573667,57.0,41.0,6.7,10.66,8.213667
39,71,Lons-le-Saunier,Mâcon,38.742333,98.0,67.0,7.9,17.42,13.422333
39,89,Lons-le-Saunier,Auxerre,90.529333,251.0,148.0,22.4,38.48,29.649333
40,47,Mont-de-Marsan,Agen,48.173,122.0,99.0,2.6,25.74,19.833
40,64,Mont-de-Marsan,Pau,51.506,106.0,78.0,15.6,20.28,15.626
41,45,Blois,Orléans,28.696,61.0,48.0,6.6,12.48,9.616
42,43,Saint-Étienne,Le Puy-en-Velay,27.62,74.0,60.0,0.0,15.6,12.02
42,63,Saint-Étienne,Clermont-Ferrand,56.373,146.0,99.0,10.8,25.74,19.833
42,69,Saint-Étienne,Lyon,29.001,64.0,63.0,0.0,16.38,12.621
43,48,Le Puy-en-Velay,Mende,40.509333,89.0,88.0,0.0,22.88,17.629333
43,63,Le Puy-en-Velay,Clermont-Ferrand,51.557333,128.0,112.0,0.0,29.12,22.437333
44,49,Nantes,Angers,38.02,90.0,60.0,10.4,15.6,12.02
44,56,Nantes,Vannes,41.43,112.0,90.0,0.0,23.4,18.03
44,79,Nantes,Niort,57.352333,144.0,97.0,12.7,25.22,19.432333
44,85,Nantes,La Roche-sur-Yon,29.359667,70.0,59.0,2.2,15.34,11.819667
45,89,Orléans,Auxerre,79.755667,174.0,107.0,30.5,27.82,21.435667
45,91,Orléans,Évry-Courcouronnes,51.207667,122.0,83.0,13.0,21.58,16.627667
46,47,Cahors,Agen,40.509333,86.0,88.0,0.0,22.88,17.629333
46,81,Cahors,Albi,51.814333,133.0,103.0,4.4,26.78,20.634333
46,82,Cahors,Montauban,27.877,60.0,51.0,4.4,13.26,10.217
47,82,Agen,Montauban,35.180333,86.0,61.0,7.1,15.86,12.220333
49,53,Angers,Laval,31.302667,81.0,68.0,0.0,17.68,13.622667
49,72,Angers,Le Mans,40.582,96.0,66.0,10.2,17.16,13.222
49,79,Angers,Niort,71.560667,194.0,122.0,15.4,31.72,24.440667
49,85,Angers,La Roche-sur-Yon,50.607667,132.0,83.0,12.4,21.58,16.627667
49,86,Angers,Poitiers,59.383,139.0,129.0,0.0,33.54,25.843
50,53,Saint-Lô,Laval,56.160667,171.0,122.0,0.0,31.72,24.440667
50,61,Saint-Lô,Alençon,64.355667,175.0,107.0,15.1,27.82,21.435667
51,55,Châlons-en-Champagne,Bar-le-Duc,27.62,70.0,60.0,0.0,15.6,12.02
51,77,Châlons-en-Champagne,Melun,76.341667,220.0,125.0,18.8,32.5,25.041667
51,93,Châlons-en-Champagne,Bobigny,72.660667,184.0,122.0,16.5,31.72,24.440667
51,94,Châlons-en-Champagne,Créteil,69.898667,182.0,116.0,16.5,30.16,23.238667
52,55,Chaumont,Bar-le-Duc,37.287,96.0,81.0,0.0,21.06,16.227
52,70,Chaumont,Vesoul,44.652333,111.0,97.0,0.0,25.22,19.432333
52,88,Chaumont,Épinal,49.793667,126.0,101.0,3.3,26.26,20.233667
53,61,Laval,Alençon,49.687,127.0,81.0,12.4,21.06,16.227
53,72,Laval,Le Mans,39.282,86.0,66.0,8.9,17.16,13.222
54,55,Nancy,Bar-le-Duc,33.604333,84.0,73.0,0.0,18.98,14.624333
54,57,Nancy,Metz,21.635667,56.0,47.0,0.0,12.22,9.415667
54,67,Nancy,Strasbourg,57.859,157.0,117.0,4.0,30.42,23.439
54,88,Nancy,Épinal,29.001,74.0,63.0,0.0,16.38,12.621
55,57,Bar-le-Duc,Metz,48.690333,125.0,91.0,6.8,23.66,18.230333
57,67,Metz,Strasbourg,60.773,163.0,99.0,15.2,25.74,19.833
57,88,Metz,Épinal,42.811,134.0,93.0,0.0,24.18,18.631
58,89,Nevers,Auxerre,49.716,110.0,108.0,0.0,28.08,21.636
59,62,Lille,Arras,22.096,54.0,48.0,0.0,12.48,9.616
60,76,Beauvais,Rouen,42.350667,81.0,92.0,0.0,23.92,18.430667
60,80,Beauvais,Amiens,28.377,62.0,51.0,4.9,13.26,10.217
60,95,Beauvais,Cergy,28.697667,68.0,53.0,4.3,13.78,10.617667
61,72,Alençon,Le Mans,27.937333,55.0,52.0,4.0,13.52,10.417333
62,80,Arras,Amiens,41.044,99.0,72.0,7.9,18.72,14.424
63,69,Clermont-Ferrand,Lyon,68.778,166.0,114.0,16.3,29.64,22.838
64,65,Pau,Tarbes,24.096,43.0,48.0,2.0,12.48,9.616
67,68,Strasbourg,Colmar,26.699333,77.0,58.0,0.0,15.08,11.619333
67,88,Strasbourg,Épinal,64.764,158.0,132.0,4.0,34.32,26.444
68,88,Colmar,Épinal,49.716,92.0,108.0,0.0,28.08,21.636
68,90,Colmar,Belfort,28.418333,72.0,55.0,3.1,14.3,11.018333
69,71,Lyon,Mâcon,32.239,72.0,57.0,6.0,14.82,11.419
69,73,Lyon,Chambéry,53.449,104.0,87.0,13.4,22.62,17.429
70,88,Vesoul,Épinal,29.921667,89.0,65.0,0.0,16.9,13.021667
70,90,Vesoul,Belfort,25.318333,70.0,55.0,0.0,14.3,11.018333
71,89,Mâcon,Auxerre,84.105333,233.0,136.0,21.5,35.36,27.245333
73,74,Chambéry,Annecy,27.696,52.0,48.0,5.6,12.48,9.616
75,77,Paris,Melun,28.080333,58.0,61.0,0.0,15.86,12.220333
75,78,Paris,Versailles,21.635667,21.0,47.0,0.0,12.22,9.415667
75,91,Paris,Évry-Courcouronnes,23.937333,35.0,52.0,0.0,13.52,10.417333
75,92,Paris,Nanterre,21.635667,13.0,47.0,0.0,12.22,9.415667
75,93,Paris,Bobigny,17.492667,19.0,38.0,0.0,9.88,7.612667
75,94,Paris,Créteil,11.968667,15.0,26.0,0.0,6.76,5.208667
75,95,Paris,Cergy,27.62,39.0,60.0,0.0,15.6,12.02
76,80,Rouen,Amiens,42.947333,120.0,82.0,5.2,21.32,16.427333
77,89,Melun,Auxerre,48.009333,124.0,88.0,7.5,22.88,17.629333
77,91,Melun,Évry-Courcouronnes,12.429,27.0,27.0,0.0,7.02,5.409
77,94,Melun,Créteil,20.715,37.0,45.0,0.0,11.7,9.015
78,91,Versailles,Évry-Courcouronnes,23.477,36.0,51.0,0.0,13.26,10.217
78,92,Versailles,Nanterre,18.108333,14.0,25.0,6.6,6.5,5.008333
78,94,Versailles,Créteil,21.175333,30.0,46.0,0.0,11.96,9.215333
78,95,Versailles,Cergy,29.616667,49.0,50.0,6.6,13.0,10.016667
79,85,Niort,La Roche-sur-Yon,37.683667,92.0,71.0,5.0,18.46,14.223667
79,86,Niort,Poitiers,35.061333,79.0,64.0,5.6,16.64,12.821333
80,95,Amiens,Cergy,48.407667,123.0,83.0,10.2,21.58,16.627667
81,82,Albi,Montauban,29.921667,74.0,65.0,0.0,16.9,13.021667
86,87,Poitiers,Limoges,58.462333,134.0,127.0,0.0,33.02,25.442333
88,90,Épinal,Belfort,36.366333,114.0,79.0,0.0,20.54,15.826333
91,94,Évry-Courcouronnes,Créteil,20.254667,33.0,44.0,0.0,11.44,8.814667
92,93,Nanterre,Bobigny,15.651333,24.0,34.0,0.0,8.84,6.811333
92,95,Nanterre,Cergy,16.111667,36.0,35.0,0.0,9.1,7.011667
93,94,Bobigny,Créteil,15.191,19.0,33.0,0.0,8.58,6.611
