Ciudad,Bourg-en-Bresse,Laon,Moulins,Digne-les-Bains,Gap,Nice,Privas,Charleville-Mézières,Foix,Troyes,Carcassonne,Rodez,Marseille,Caen,Aurillac,Angoulême,La Rochelle,Bourges,Tulle,Ajaccio,Bastia,Dijon,Saint-Brieuc,Guéret,Périgueux,Besançon,Valence,Évreux,Chartres,Quimper,Nîmes,Toulouse,Auch,Bordeaux,Montpellier,Rennes,Châteauroux,Tours,Grenoble,Lons-le-Saunier,Mont-de-Marsan,Blois,Saint-Étienne,Le Puy-en-Velay,Nantes,Orléans,Cahors,Agen,Mende,Angers,Saint-Lô,Châlons-en-Champagne,Chaumont,Laval,Nancy,Bar-le-Duc,Vannes,Metz,Nevers,Lille,Beauvais,Alençon,Arras,Clermont-Ferrand,Pau,Tarbes,Perpignan,Strasbourg,Colmar,Lyon,Vesoul,Mâcon,Le Mans,Chambéry,Annecy,Paris,Rouen,Melun,Versailles,Niort,Amiens,Albi,Montauban,Toulon,Avignon,La Roche-sur-Yon,Poitiers,Limoges,Épinal,Auxerre,Belfort,Évry-Courcouronnes,Nanterre,Bobigny,Créteil,Cergy
Bourg-en-Bresse,0.0,420.0,168.0,348.0,274.0,498.0,248.0,406.0,578.0,292.0,533.0,370.0,357.0,549.0,347.0,412.0,517.0,258.0,304.0,907.0,967.0,127.0,607.0,263.0,384.0,136.0,217.0,499.0,422.0,680.0,352.0,516.0,566.0,508.0,424.0,540.0,330.0,365.0,158.0,59.0,602.0,351.0,132.0,192.0,502.0,351.0,473.0,542.0,280.0,442.0,604.0,340.0,199.0,510.0,311.0,280.0,592.0,341.0,219.0,558.0,469.0,494.0,506.0,201.0,691.0,643.0,524.0,351.0,293.0,69.0,183.0,69.0,442.0,117.0,69.0,356.0,552.0,295.0,373.0,461.0,510.0,460.0,481.0,468.0,302.0,532.0,397.0,327.0,248.0,207.0,238.0,322.0,403.0,373.0,340.0,416.0
Laon,420.0,0.0,378.0,730.0,656.0,880.0,631.0,102.0,821.0,206.0,776.0,613.0,772.0,227.0,558.0,503.0,568.0,334.0,514.0,1289.0,1349.0,293.0,404.0,473.0,594.0,365.0,595.0,188.0,228.0,512.0,762.0,759.0,809.0,599.0,716.0,376.0,385.0,338.0,540.0,361.0,693.0,289.0,510.0,523.0,464.0,241.0,690.0,720.0,611.0,403.0,282.0,80.0,221.0,366.0,213.0,140.0,461.0,239.0,327.0,105.0,112.0,285.0,86.0,411.0,771.0,886.0,816.0,330.0,384.0,412.0,318.0,355.0,337.0,499.0,489.0,135.0,172.0,131.0,156.0,479.0,90.0,703.0,724.0,883.0,717.0,486.0,415.0,537.0,276.0,219.0,355.0,158.0,131.0,97.0,130.0,115.0
Moulins,168.0,378.0,0.0,507.0,433.0,657.0,253.0,436.0,443.0,244.0,398.0,235.0,394.0,381.0,180.0,244.0,349.0,90.0,136.0,1066.0,1049.0,222.0,439.0,95.0,216.0,243.0,217.0,331.0,254.0,512.0,384.0,381.0,431.0,340.0,338.0,372.0,162.0,197.0,278.0,166.0,434.0,183.0,132.0,145.0,334.0,183.0,312.0,342.0,233.0,274.0,436.0,370.0,294.0,342.0,383.0,310.0,424.0,401.0,51.0,483.0,421.0,326.0,464.0,33.0,556.0,508.0,438.0,458.0,400.0,150.0,290.0,99.0,274.0,237.0,237.0,308.0,384.0,247.0,325.0,293.0,451.0,325.0,346.0,505.0,339.0,364.0,229.0,159.0,355.0,159.0,345.0,274.0,355.0,325.0,292.0,368.0
Digne-les-Bains,348.0,730.0,507.0,0.0,74.0,150.0,254.0,754.0,401.0,596.0,324.0,326.0,179.0,888.0,381.0,610.0,729.0,597.0,459.0,559.0,619.0,475.0,946.0,602.0,541.0,484.0,238.0,838.0,761.0,975.0,174.0,390.0,456.0,588.0,223.0,879.0,669.0,704.0,190.0,407.0,555.0,690.0,323.0,362.0,805.0,690.0,429.0,498.0,325.0,781.0,971.0,688.0,547.0,849.0,659.0,628.0,895.0,689.0,558.0,835.0,773.0,833.0,816.0,474.0,540.0,492.0,323.0,699.0,641.0,318.0,531.0,375.0,781.0,231.0,279.0,660.0,891.0,599.0,677.0,708.0,803.0,416.0,437.0,125.0,124.0,779.0,652.0,525.0,596.0,511.0,586.0,626.0,707.0,677.0,644.0,720.0
Gap,274.0,656.0,433.0,74.0,0.0,224.0,180.0,680.0,420.0,522.0,343.0,345.0,198.0,814.0,443.0,672.0,791.0,523.0,521.0,633.0,693.0,401.0,872.0,528.0,601.0,410.0,164.0,764.0,687.0,945.0,193.0,409.0,475.0,607.0,242.0,805.0,595.0,630.0,116.0,333.0,574.0,616.0,249.0,288.0,767.0,616.0,448.0,517.0,327.0,707.0,869.0,614.0,473.0,775.0,585.0,554.0,857.0,615.0,484.0,761.0,699.0,759.0,742.0,400.0,559.0,511.0,342.0,625.0,567.0,244.0,457.0,301.0,707.0,157.0,205.0,586.0,817.0,525.0,603.0,726.0,729.0,435.0,456.0,199.0,143.0,797.0,662.0,587.0,522.0,437.0,512.0,552.0,633.0,603.0,570.0,646.0
Nice,498.0,880.0,657.0,150.0,224.0,0.0,404.0,904.0,547.0,746.0,470.0,472.0,209.0,1038.0,527.0,756.0,875.0,747.0,605.0,409.0,469.0,625.0,1092.0,719.0,687.0,634.0,388.0,988.0,911.0,1121.0,320.0,536.0,602.0,734.0,369.0,1025.0,819.0,854.0,340.0,557.0,701.0,840.0,473.0,512.0,951.0,840.0,575.0,644.0,471.0,927.0,1117.0,838.0,697.0,995.0,809.0,778.0,1041.0,839.0,708.0,985.0,923.0,983.0,966.0,624.0,686.0,638.0,469.0,849.0,791.0,468.0,681.0,525.0,931.0,381.0,429.0,810.0,1041.0,749.0,827.0,854.0,953.0,562.0,583.0,98.0,264.0,925.0,798.0,671.0,746.0,661.0,736.0,776.0,857.0,827.0,794.0,870.0
Privas,248.0,631.0,253.0,254.0,180.0,404.0,0.0,689.0,363.0,497.0,286.0,237.0,141.0,634.0,263.0,492.0,611.0,343.0,341.0,813.0,796.0,371.0,692.0,348.0,421.0,380.0,48.0,584.0,507.0,765.0,136.0,383.0,433.0,499.0,185.0,625.0,415.0,450.0,108.0,303.0,508.0,436.0,116.0,108.0,587.0,436.0,340.0,409.0,147.0,527.0,689.0,623.0,443.0,595.0,555.0,563.0,677.0,585.0,304.0,736.0,674.0,579.0,717.0,220.0,558.0,510.0,285.0,595.0,537.0,179.0,427.0,236.0,527.0,149.0,197.0,561.0,637.0,500.0,578.0,546.0,704.0,327.0,348.0,252.0,86.0,617.0,482.0,407.0,492.0,412.0,482.0,527.0,608.0,578.0,545.0,621.0
Charleville-Mézières,406.0,102.0,436.0,754.0,680.0,904.0,689.0,0.0,879.0,192.0,834.0,671.0,830.0,329.0,616.0,605.0,670.0,412.0,572.0,1313.0,1373.0,279.0,506.0,531.0,652.0,342.0,619.0,290.0,330.0,614.0,820.0,817.0,867.0,701.0,774.0,478.0,484.0,440.0,564.0,347.0,795.0,391.0,534.0,581.0,566.0,343.0,748.0,778.0,669.0,505.0,384.0,81.0,207.0,468.0,184.0,126.0,563.0,137.0,385.0,152.0,214.0,387.0,200.0,469.0,992.0,944.0,874.0,236.0,294.0,471.0,295.0,414.0,439.0,523.0,475.0,237.0,274.0,233.0,258.0,581.0,192.0,761.0,782.0,941.0,775.0,588.0,517.0,595.0,230.0,277.0,309.0,260.0,233.0,199.0,232.0,217.0
Foix,578.0,821.0,443.0,401.0,420.0,547.0,363.0,879.0,0.0,687.0,77.0,208.0,338.0,710.0,263.0,361.0,384.0,533.0,341.0,956.0,993.0,665.0,711.0,438.0,274.0,686.0,362.0,774.0,697.0,726.0,227.0,62.0,128.0,262.0,178.0,644.0,518.0,526.0,422.0,609.0,227.0,614.0,446.0,386.0,556.0,626.0,162.0,172.0,298.0,578.0,738.0,813.0,737.0,646.0,826.0,753.0,646.0,844.0,494.0,926.0,864.0,655.0,907.0,410.0,170.0,122.0,134.0,901.0,843.0,509.0,733.0,542.0,603.0,463.0,511.0,751.0,765.0,690.0,768.0,459.0,894.0,118.0,111.0,449.0,277.0,466.0,449.0,374.0,798.0,602.0,788.0,717.0,798.0,768.0,735.0,811.0
Troyes,292.0,206.0,244.0,596.0,522.0,746.0,497.0,192.0,687.0,0.0,642.0,479.0,638.0,384.0,424.0,488.0,536.0,220.0,380.0,1155.0,1215.0,188.0,561.0,339.0,460.0,261.0,461.0,276.0,232.0,591.0,628.0,625.0,675.0,584.0,582.0,451.0,292.0,289.0,406.0,233.0,678.0,240.0,376.0,389.0,445.0,192.0,556.0,586.0,477.0,385.0,439.0,126.0,147.0,385.0,139.0,66.0,536.0,157.0,193.0,344.0,256.0,373.0,292.0,277.0,800.0,752.0,682.0,256.0,310.0,278.0,244.0,221.0,319.0,365.0,361.0,143.0,329.0,82.0,160.0,480.0,286.0,569.0,590.0,749.0,583.0,468.0,416.0,403.0,202.0,85.0,281.0,109.0,190.0,160.0,127.0,203.0
Carcassonne,533.0,776.0,398.0,324.0,343.0,470.0,286.0,834.0,77.0,642.0,0.0,163.0,261.0,714.0,218.0,365.0,388.0,488.0,296.0,879.0,916.0,620.0,715.0,410.0,278.0,641.0,285.0,729.0,652.0,730.0,150.0,66.0,132.0,266.0,101.0,648.0,490.0,530.0,345.0,564.0,231.0,586.0,401.0,341.0,560.0,581.0,166.0,176.0,253.0,582.0,742.0,768.0,692.0,650.0,781.0,708.0,650.0,799.0,449.0,881.0,819.0,659.0,862.0,365.0,216.0,168.0,73.0,856.0,798.0,464.0,688.0,497.0,607.0,386.0,434.0,706.0,782.0,645.0,723.0,463.0,849.0,73.0,115.0,372.0,200.0,470.0,453.0,362.0,753.0,557.0,743.0,672.0,753.0,723.0,690.0,766.0
Rodez,370.0,613.0,235.0,326.0,345.0,472.0,237.0,671.0,208.0,479.0,163.0,0.0,263.0,587.0,55.0,284.0,403.0,325.0,133.0,881.0,918.0,457.0,620.0,247.0,215.0,478.0,285.0,566.0,489.0,649.0,152.0,146.0,196.0,262.0,103.0,553.0,327.0,403.0,345.0,401.0,271.0,423.0,238.0,178.0,479.0,418.0,103.0,172.0,90.0,455.0,645.0,605.0,529.0,523.0,618.0,545.0,569.0,636.0,286.0,718.0,656.0,532.0,699.0,202.0,321.0,273.0,203.0,693.0,635.0,301.0,525.0,334.0,480.0,388.0,436.0,543.0,619.0,482.0,560.0,382.0,686.0,90.0,111.0,374.0,202.0,453.0,326.0,199.0,590.0,394.0,580.0,509.0,590.0,560.0,527.0,603.0
Marseille,357.0,772.0,394.0,179.0,198.0,209.0,141.0,830.0,338.0,638.0,261.0,263.0,0.0,775.0,318.0,547.0,666.0,484.0,396.0,618.0,655.0,480.0,883.0,510.0,478.0,489.0,140.0,725.0,648.0,912.0,111.0,327.0,393.0,525.0,160.0,816.0,556.0,591.0,200.0,412.0,492.0,577.0,225.0,249.0,742.0,577.0,366.0,435.0,262.0,718.0,908.0,764.0,552.0,786.0,664.0,704.0,832.0,694.0,445.0,877.0,815.0,720.0,858.0,361.0,477.0,429.0,260.0,704.0,646.0,288.0,536.0,345.0,668.0,241.0,289.0,702.0,778.0,641.0,719.0,645.0,845.0,353.0,374.0,111.0,55.0,716.0,589.0,462.0,601.0,553.0,591.0,668.0,749.0,719.0,686.0,762.0
Caen,549.0,227.0,381.0,888.0,814.0,1038.0,634.0,329.0,710.0,384.0,714.0,587.0,775.0,0.0,532.0,349.0,378.0,291.0,454.0,1447.0,1430.0,493.0,177.0,370.0,436.0,566.0,598.0,108.0,185.0,285.0,739.0,648.0,614.0,445.0,690.0,149.0,290.0,184.0,659.0,538.0,539.0,233.0,513.0,526.0,237.0,256.0,548.0,535.0,614.0,173.0,55.0,307.0,448.0,136.0,440.0,367.0,234.0,466.0,365.0,257.0,147.0,55.0,209.0,414.0,617.0,691.0,790.0,557.0,611.0,531.0,545.0,480.0,107.0,618.0,618.0,241.0,55.0,302.0,231.0,295.0,137.0,651.0,599.0,886.0,720.0,296.0,261.0,388.0,503.0,390.0,582.0,293.0,216.0,250.0,267.0,181.0
Aurillac,347.0,558.0,180.0,381.0,443.0,527.0,263.0,616.0,263.0,424.0,218.0,55.0,318.0,532.0,0.0,229.0,348.0,270.0,78.0,936.0,973.0,402.0,565.0,192.0,158.0,423.0,311.0,511.0,434.0,594.0,207.0,201.0,251.0,246.0,158.0,498.0,272.0,348.0,371.0,346.0,319.0,368.0,215.0,155.0,424.0,363.0,132.0,220.0,132.0,400.0,590.0,550.0,474.0,468.0,563.0,490.0,514.0,581.0,231.0,663.0,601.0,477.0,644.0,147.0,376.0,328.0,258.0,638.0,580.0,278.0,470.0,279.0,425.0,365.0,413.0,488.0,564.0,427.0,505.0,327.0,631.0,145.0,166.0,429.0,257.0,398.0,271.0,144.0,535.0,339.0,525.0,454.0,535.0,505.0,472.0,548.0
Angoulême,412.0,503.0,244.0,610.0,672.0,756.0,492.0,605.0,361.0,488.0,365.0,284.0,547.0,349.0,229.0,0.0,119.0,259.0,151.0,1165.0,1202.0,466.0,350.0,149.0,87.0,487.0,438.0,391.0,333.0,365.0,436.0,299.0,265.0,96.0,387.0,283.0,212.0,165.0,522.0,410.0,190.0,214.0,353.0,384.0,195.0,262.0,199.0,186.0,361.0,217.0,377.0,497.0,538.0,285.0,627.0,554.0,285.0,645.0,295.0,606.0,496.0,294.0,558.0,254.0,268.0,342.0,438.0,702.0,644.0,394.0,534.0,343.0,242.0,481.0,481.0,397.0,404.0,372.0,396.0,98.0,486.0,302.0,250.0,658.0,486.0,169.0,88.0,85.0,599.0,403.0,589.0,345.0,421.0,422.0,389.0,464.0
La Rochelle,517.0,568.0,349.0,729.0,791.0,875.0,611.0,670.0,384.0,536.0,388.0,403.0,666.0,378.0,348.0,119.0,0.0,316.0,270.0,1284.0,1321.0,561.0,296.0,254.0,206.0,592.0,566.0,380.0,318.0,311.0,555.0,322.0,291.0,122.0,506.0,229.0,244.0,197.0,627.0,515.0,216.0,246.0,481.0,503.0,141.0,294.0,318.0,212.0,480.0,165.0,323.0,529.0,633.0,233.0,675.0,602.0,231.0,693.0,390.0,635.0,525.0,283.0,587.0,382.0,294.0,368.0,461.0,792.0,749.0,499.0,639.0,448.0,231.0,586.0,586.0,429.0,433.0,404.0,390.0,56.0,515.0,338.0,273.0,777.0,605.0,82.0,120.0,204.0,704.0,451.0,694.0,377.0,415.0,454.0,421.0,453.0
Bourges,258.0,334.0,90.0,597.0,523.0,747.0,343.0,412.0,533.0,220.0,488.0,325.0,484.0,291.0,270.0,259.0,316.0,0.0,224.0,1156.0,1139.0,245.0,349.0,110.0,274.0,318.0,307.0,241.0,164.0,422.0,474.0,471.0,479.0,355.0,428.0,282.0,72.0,107.0,368.0,256.0,449.0,93.0,222.0,235.0,244.0,93.0,402.0,400.0,323.0,184.0,346.0,346.0,317.0,252.0,359.0,286.0,334.0,377.0,74.0,439.0,341.0,236.0,420.0,123.0,527.0,556.0,528.0,476.0,448.0,240.0,338.0,189.0,184.0,327.0,327.0,228.0,294.0,203.0,227.0,260.0,376.0,415.0,436.0,595.0,429.0,267.0,196.0,174.0,403.0,135.0,393.0,176.0,252.0,253.0,220.0,288.0
Tulle,304.0,514.0,136.0,459.0,521.0,605.0,341.0,572.0,341.0,380.0,296.0,133.0,396.0,454.0,78.0,151.0,270.0,224.0,0.0,1014.0,1051.0,358.0,487.0,114.0,80.0,379.0,287.0,465.0,388.0,516.0,285.0,279.0,285.0,168.0,236.0,420.0,194.0,270.0,347.0,302.0,305.0,290.0,202.0,233.0,346.0,317.0,210.0,206.0,210.0,322.0,512.0,506.0,430.0,390.0,519.0,446.0,436.0,537.0,187.0,619.0,557.0,399.0,600.0,103.0,410.0,362.0,336.0,594.0,536.0,217.0,426.0,235.0,347.0,304.0,373.0,444.0,518.0,383.0,461.0,249.0,587.0,223.0,244.0,507.0,335.0,320.0,193.0,66.0,491.0,295.0,481.0,410.0,491.0,461.0,428.0,504.0
Ajaccio,907.0,1289.0,1066.0,559.0,633.0,409.0,813.0,1313.0,956.0,1155.0,879.0,881.0,618.0,1447.0,936.0,1165.0,1284.0,1156.0,1014.0,0.0,163.0,1034.0,1501.0,1128.0,1096.0,1043.0,797.0,1397.0,1320.0,1530.0,729.0,945.0,1011.0,1143.0,778.0,1434.0,1228.0,1263.0,749.0,966.0,1110.0,1249.0,882.0,921.0,1360.0,1249.0,984.0,1053.0,880.0,1336.0,1526.0,1247.0,1106.0,1404.0,1218.0,1187.0,1450.0,1248.0,1117.0,1394.0,1332.0,1392.0,1375.0,1033.0,1095.0,1047.0,878.0,1258.0,1200.0,877.0,1090.0,934.0,1340.0,790.0,838.0,1219.0,1450.0,1158.0,1236.0,1263.0,1362.0,971.0,992.0,507.0,673.0,1334.0,1207.0,1080.0,1155.0,1070.0,1145.0,1185.0,1266.0,1236.0,1203.0,1279.0
Bastia,967.0,1349.0,1049.0,619.0,693.0,469.0,796.0,1373.0,993.0,1215.0,916.0,918.0,655.0,1430.0,973.0,1202.0,1321.0,1139.0,1051.0,163.0,0.0,1094.0,1538.0,1165.0,1133.0,1103.0,795.0,1380.0,1303.0,1567.0,766.0,982.0,1048.0,1180.0,815.0,1471.0,1211.0,1246.0,809.0,1026.0,1147.0,1232.0,880.0,904.0,1397.0,1232.0,1021.0,1090.0,917.0,1373.0,1563.0,1307.0,1166.0,1441.0,1278.0,1247.0,1487.0,1308.0,1100.0,1454.0,1392.0,1375.0,1435.0,1016.0,1132.0,1084.0,915.0,1318.0,1260.0,937.0,1150.0,994.0,1323.0,850.0,898.0,1279.0,1433.0,1218.0,1296.0,1300.0,1422.0,1008.0,1029.0,544.0,710.0,1371.0,1244.0,1117.0,1215.0,1130.0,1205.0,1245.0,1326.0,1296.0,1263.0,1339.0
Dijon,127.0,293.0,222.0,475.0,401.0,625.0,371.0,279.0,665.0,188.0,620.0,457.0,480.0,493.0,402.0,466.0,561.0,245.0,358.0,1034.0,1094.0,0.0,594.0,317.0,438.0,73.0,340.0,385.0,281.0,667.0,475.0,603.0,653.0,562.0,560.0,527.0,317.0,352.0,285.0,68.0,656.0,338.0,255.0,315.0,489.0,210.0,534.0,564.0,403.0,429.0,548.0,213.0,72.0,497.0,221.0,153.0,579.0,251.0,171.0,431.0,365.0,482.0,379.0,255.0,778.0,730.0,660.0,261.0,203.0,192.0,93.0,135.0,429.0,244.0,196.0,252.0,438.0,191.0,269.0,505.0,383.0,547.0,568.0,591.0,425.0,512.0,441.0,381.0,158.0,103.0,148.0,218.0,299.0,269.0,236.0,312.0
Saint-Brieuc,607.0,404.0,439.0,946.0,872.0,1092.0,692.0,506.0,711.0,561.0,715.0,620.0,883.0,177.0,565.0,350.0,296.0,349.0,487.0,1501.0,1538.0,594.0,0.0,428.0,437.0,667.0,656.0,285.0,286.0,108.0,772.0,649.0,587.0,418.0,723.0,67.0,348.0,242.0,717.0,605.0,512.0,291.0,571.0,584.0,155.0,339.0,549.0,508.0,697.0,165.0,122.0,484.0,625.0,133.0,617.0,544.0,94.0,643.0,423.0,434.0,324.0,232.0,386.0,472.0,590.0,664.0,823.0,734.0,788.0,589.0,687.0,538.0,199.0,676.0,676.0,418.0,232.0,479.0,358.0,252.0,314.0,652.0,600.0,994.0,822.0,214.0,294.0,421.0,680.0,484.0,759.0,409.0,393.0,427.0,444.0,358.0
Guéret,263.0,473.0,95.0,602.0,528.0,719.0,348.0,531.0,438.0,339.0,410.0,247.0,510.0,370.0,192.0,149.0,254.0,110.0,114.0,1128.0,1165.0,317.0,428.0,0.0,164.0,338.0,312.0,351.0,274.0,501.0,399.0,376.0,369.0,245.0,350.0,361.0,80.0,186.0,373.0,261.0,339.0,176.0,227.0,240.0,295.0,203.0,276.0,290.0,324.0,263.0,453.0,465.0,389.0,331.0,478.0,405.0,385.0,496.0,146.0,578.0,451.0,315.0,559.0,128.0,417.0,446.0,450.0,553.0,495.0,245.0,385.0,194.0,263.0,332.0,332.0,338.0,404.0,342.0,337.0,198.0,486.0,337.0,327.0,621.0,449.0,269.0,134.0,64.0,450.0,254.0,440.0,286.0,362.0,363.0,330.0,398.0
Périgueux,384.0,594.0,216.0,541.0,601.0,687.0,421.0,652.0,274.0,460.0,278.0,215.0,478.0,436.0,158.0,87.0,206.0,274.0,80.0,1096.0,1133.0,438.0,437.0,164.0,0.0,459.0,367.0,478.0,438.0,452.0,367.0,212.0,205.0,88.0,318.0,370.0,244.0,252.0,427.0,382.0,225.0,340.0,282.0,313.0,282.0,367.0,112.0,126.0,305.0,304.0,464.0,586.0,510.0,372.0,599.0,526.0,372.0,617.0,267.0,693.0,583.0,381.0,645.0,183.0,330.0,282.0,351.0,674.0,616.0,297.0,506.0,315.0,329.0,384.0,453.0,502.0,491.0,463.0,501.0,185.0,573.0,215.0,163.0,589.0,417.0,256.0,175.0,100.0,571.0,375.0,561.0,450.0,526.0,527.0,494.0,551.0
Besançon,136.0,365.0,243.0,484.0,410.0,634.0,380.0,342.0,686.0,261.0,641.0,478.0,489.0,566.0,423.0,487.0,592.0,318.0,379.0,1043.0,1103.0,73.0,667.0,338.0,459.0,0.0,349.0,458.0,354.0,740.0,484.0,624.0,674.0,583.0,581.0,600.0,390.0,425.0,294.0,77.0,677.0,411.0,264.0,324.0,562.0,283.0,555.0,585.0,412.0,502.0,621.0,285.0,144.0,570.0,175.0,225.0,652.0,205.0,244.0,494.0,477.0,555.0,451.0,276.0,799.0,751.0,681.0,215.0,157.0,201.0,47.0,144.0,502.0,253.0,205.0,325.0,511.0,264.0,342.0,536.0,455.0,568.0,589.0,600.0,434.0,607.0,472.0,402.0,112.0,176.0,102.0,291.0,372.0,342.0,309.0,385.0
Valence,217.0,595.0,217.0,238.0,164.0,388.0,48.0,619.0,362.0,461.0,285.0,285.0,140.0,598.0,311.0,438.0,566.0,307.0,287.0,797.0,795.0,340.0,656.0,312.0,367.0,349.0,0.0,548.0,471.0,729.0,135.0,431.0,481.0,455.0,184.0,589.0,379.0,414.0,60.0,272.0,556.0,400.0,85.0,156.0,551.0,400.0,388.0,457.0,195.0,491.0,653.0,553.0,412.0,559.0,524.0,493.0,641.0,554.0,268.0,700.0,638.0,543.0,681.0,184.0,606.0,558.0,284.0,564.0,506.0,148.0,396.0,205.0,491.0,101.0,149.0,525.0,601.0,464.0,542.0,510.0,668.0,375.0,396.0,251.0,85.0,581.0,446.0,353.0,461.0,376.0,451.0,491.0,572.0,542.0,509.0,585.0
Évreux,499.0,188.0,331.0,838.0,764.0,988.0,584.0,290.0,774.0,276.0,729.0,566.0,725.0,108.0,511.0,391.0,380.0,241.0,465.0,1397.0,1380.0,385.0,285.0,351.0,478.0,458.0,548.0,0.0,77.0,393.0,715.0,712.0,656.0,487.0,669.0,257.0,292.0,226.0,609.0,430.0,581.0,196.0,463.0,476.0,275.0,148.0,590.0,577.0,564.0,215.0,163.0,268.0,409.0,178.0,401.0,328.0,342.0,427.0,315.0,255.0,126.0,97.0,207.0,364.0,659.0,733.0,769.0,518.0,572.0,481.0,506.0,430.0,149.0,568.0,568.0,133.0,53.0,194.0,123.0,337.0,135.0,656.0,677.0,836.0,670.0,298.0,303.0,415.0,464.0,282.0,543.0,185.0,108.0,142.0,159.0,73.0
Chartres,422.0,228.0,254.0,761.0,687.0,911.0,507.0,330.0,697.0,232.0,652.0,489.0,648.0,185.0,434.0,333.0,318.0,164.0,388.0,1320.0,1303.0,281.0,286.0,274.0,438.0,354.0,471.0,77.0,0.0,359.0,638.0,635.0,643.0,429.0,592.0,219.0,215.0,168.0,532.0,326.0,523.0,119.0,386.0,399.0,213.0,71.0,566.0,564.0,487.0,153.0,240.0,234.0,375.0,153.0,367.0,294.0,304.0,385.0,238.0,332.0,175.0,139.0,284.0,287.0,601.0,720.0,692.0,484.0,538.0,404.0,374.0,353.0,87.0,491.0,491.0,119.0,130.0,150.0,72.0,275.0,212.0,579.0,600.0,759.0,593.0,236.0,245.0,338.0,430.0,178.0,429.0,123.0,97.0,131.0,118.0,122.0
Quimper,680.0,512.0,512.0,975.0,945.0,1121.0,765.0,614.0,726.0,591.0,730.0,649.0,912.0,285.0,594.0,365.0,311.0,422.0,516.0,1530.0,1567.0,667.0,108.0,501.0,452.0,740.0,729.0,393.0,359.0,0.0,801.0,664.0,602.0,433.0,752.0,140.0,421.0,315.0,790.0,678.0,527.0,364.0,644.0,657.0,170.0,412.0,564.0,523.0,726.0,238.0,230.0,592.0,733.0,206.0,725.0,652.0,80.0,751.0,496.0,542.0,432.0,287.0,494.0,545.0,605.0,679.0,803.0,842.0,896.0,662.0,760.0,611.0,272.0,749.0,749.0,526.0,340.0,509.0,431.0,267.0,422.0,667.0,615.0,1023.0,851.0,229.0,367.0,450.0,788.0,557.0,815.0,482.0,501.0,535.0,477.0,466.0
Nîmes,352.0,762.0,384.0,174.0,193.0,320.0,136.0,820.0,227.0,628.0,150.0,152.0,111.0,739.0,207.0,436.0,555.0,474.0,285.0,729.0,766.0,475.0,772.0,399.0,367.0,484.0,135.0,715.0,638.0,801.0,0.0,216.0,282.0,414.0,49.0,705.0,479.0,555.0,195.0,407.0,381.0,567.0,220.0,239.0,631.0,567.0,255.0,324.0,151.0,607.0,797.0,754.0,547.0,675.0,659.0,694.0,721.0,689.0,435.0,867.0,805.0,684.0,848.0,351.0,366.0,318.0,149.0,699.0,641.0,283.0,531.0,340.0,632.0,236.0,284.0,692.0,768.0,631.0,709.0,534.0,835.0,242.0,263.0,222.0,50.0,605.0,478.0,351.0,596.0,543.0,586.0,658.0,739.0,709.0,676.0,752.0
Toulouse,516.0,759.0,381.0,390.0,409.0,536.0,383.0,817.0,62.0,625.0,66.0,146.0,327.0,648.0,201.0,299.0,322.0,471.0,279.0,945.0,982.0,603.0,649.0,376.0,212.0,624.0,431.0,712.0,635.0,664.0,216.0,0.0,66.0,200.0,167.0,582.0,456.0,464.0,491.0,547.0,165.0,552.0,384.0,324.0,494.0,564.0,100.0,110.0,236.0,516.0,676.0,751.0,675.0,584.0,764.0,691.0,584.0,782.0,432.0,864.0,802.0,593.0,845.0,348.0,150.0,102.0,139.0,839.0,781.0,447.0,671.0,480.0,541.0,534.0,582.0,689.0,703.0,628.0,706.0,397.0,832.0,56.0,49.0,438.0,266.0,404.0,387.0,312.0,736.0,540.0,726.0,655.0,736.0,706.0,673.0,749.0
Auch,566.0,809.0,431.0,456.0,475.0,602.0,433.0,867.0,128.0,675.0,132.0,196.0,393.0,614.0,251.0,265.0,291.0,479.0,285.0,1011.0,1048.0,653.0,587.0,369.0,205.0,674.0,481.0,656.0,643.0,602.0,282.0,66.0,0.0,169.0,233.0,520.0,449.0,430.0,541.0,597.0,99.0,545.0,434.0,374.0,432.0,572.0,136.0,79.0,286.0,482.0,614.0,801.0,725.0,550.0,814.0,741.0,522.0,832.0,482.0,914.0,761.0,559.0,823.0,398.0,125.0,77.0,205.0,889.0,831.0,497.0,721.0,530.0,507.0,584.0,632.0,739.0,669.0,678.0,706.0,363.0,751.0,122.0,85.0,504.0,332.0,373.0,353.0,305.0,786.0,590.0,776.0,655.0,786.0,756.0,723.0,799.0
Bordeaux,508.0,599.0,340.0,588.0,607.0,734.0,499.0,701.0,262.0,584.0,266.0,262.0,525.0,445.0,246.0,96.0,122.0,355.0,168.0,1143.0,1180.0,562.0,418.0,245.0,88.0,583.0,455.0,487.0,429.0,433.0,414.0,200.0,169.0,0.0,365.0,351.0,308.0,261.0,515.0,506.0,94.0,310.0,370.0,401.0,263.0,358.0,178.0,90.0,352.0,313.0,445.0,593.0,634.0,381.0,723.0,650.0,353.0,741.0,391.0,702.0,592.0,390.0,654.0,271.0,172.0,246.0,339.0,798.0,740.0,385.0,630.0,439.0,338.0,472.0,577.0,493.0,500.0,468.0,492.0,194.0,582.0,216.0,151.0,636.0,464.0,204.0,184.0,181.0,695.0,499.0,685.0,441.0,517.0,518.0,485.0,560.0
Montpellier,424.0,716.0,338.0,223.0,242.0,369.0,185.0,774.0,178.0,582.0,101.0,103.0,160.0,690.0,158.0,387.0,506.0,428.0,236.0,778.0,815.0,560.0,723.0,350.0,318.0,581.0,184.0,669.0,592.0,752.0,49.0,167.0,233.0,365.0,0.0,656.0,430.0,506.0,244.0,504.0,332.0,526.0,292.0,232.0,582.0,521.0,206.0,275.0,144.0,558.0,748.0,708.0,632.0,626.0,721.0,648.0,672.0,739.0,389.0,821.0,759.0,635.0,802.0,305.0,317.0,269.0,100.0,796.0,738.0,355.0,628.0,437.0,583.0,285.0,333.0,646.0,722.0,585.0,663.0,485.0,789.0,193.0,214.0,271.0,99.0,556.0,429.0,302.0,693.0,497.0,683.0,612.0,693.0,663.0,630.0,706.0
Rennes,540.0,376.0,372.0,879.0,805.0,1025.0,625.0,478.0,644.0,451.0,648.0,553.0,816.0,149.0,498.0,283.0,229.0,282.0,420.0,1434.0,1471.0,527.0,67.0,361.0,370.0,600.0,589.0,257.0,219.0,140.0,705.0,582.0,520.0,351.0,656.0,0.0,281.0,175.0,650.0,538.0,445.0,224.0,504.0,517.0,88.0,272.0,482.0,441.0,630.0,98.0,94.0,456.0,597.0,66.0,589.0,516.0,85.0,615.0,356.0,406.0,296.0,147.0,358.0,405.0,523.0,597.0,756.0,706.0,760.0,522.0,620.0,471.0,132.0,609.0,609.0,390.0,204.0,369.0,291.0,185.0,286.0,585.0,533.0,927.0,755.0,147.0,227.0,354.0,652.0,417.0,675.0,342.0,365.0,399.0,337.0,330.0
Châteauroux,330.0,385.0,162.0,669.0,595.0,819.0,415.0,484.0,518.0,292.0,490.0,327.0,556.0,290.0,272.0,212.0,244.0,72.0,194.0,1228.0,1211.0,317.0,348.0,80.0,244.0,390.0,379.0,292.0,215.0,421.0,479.0,456.0,449.0,308.0,430.0,281.0,0.0,106.0,440.0,328.0,402.0,96.0,294.0,307.0,243.0,144.0,356.0,370.0,395.0,183.0,345.0,418.0,389.0,251.0,431.0,358.0,333.0,449.0,146.0,490.0,392.0,235.0,471.0,195.0,480.0,526.0,530.0,548.0,520.0,312.0,410.0,261.0,183.0,399.0,399.0,279.0,345.0,254.0,278.0,188.0,427.0,417.0,407.0,667.0,501.0,259.0,124.0,144.0,475.0,207.0,465.0,227.0,303.0,304.0,271.0,339.0
Tours,365.0,338.0,197.0,704.0,630.0,854.0,450.0,440.0,526.0,289.0,530.0,403.0,591.0,184.0,348.0,165.0,197.0,107.0,270.0,1263.0,1246.0,352.0,242.0,186.0,252.0,425.0,414.0,226.0,168.0,315.0,555.0,464.0,430.0,261.0,506.0,175.0,106.0,0.0,475.0,363.0,355.0,49.0,329.0,342.0,137.0,97.0,364.0,351.0,430.0,77.0,239.0,332.0,424.0,145.0,428.0,355.0,227.0,446.0,181.0,441.0,331.0,129.0,393.0,230.0,433.0,507.0,606.0,545.0,555.0,347.0,445.0,296.0,77.0,434.0,434.0,232.0,239.0,207.0,231.0,141.0,321.0,467.0,415.0,702.0,536.0,160.0,77.0,204.0,510.0,242.0,500.0,180.0,256.0,257.0,224.0,299.0
Grenoble,158.0,540.0,278.0,190.0,116.0,340.0,108.0,564.0,422.0,406.0,345.0,345.0,200.0,659.0,371.0,522.0,627.0,368.0,347.0,749.0,809.0,285.0,717.0,373.0,427.0,294.0,60.0,609.0,532.0,790.0,195.0,491.0,541.0,515.0,244.0,650.0,440.0,475.0,0.0,217.0,616.0,461.0,145.0,216.0,612.0,461.0,448.0,517.0,255.0,552.0,714.0,498.0,357.0,620.0,469.0,438.0,702.0,499.0,329.0,645.0,583.0,604.0,626.0,244.0,666.0,618.0,344.0,509.0,451.0,128.0,341.0,185.0,552.0,41.0,89.0,470.0,662.0,409.0,487.0,571.0,613.0,435.0,456.0,315.0,145.0,642.0,507.0,437.0,406.0,321.0,396.0,436.0,517.0,487.0,454.0,530.0
Lons-le-Saunier,59.0,361.0,166.0,407.0,333.0,557.0,303.0,347.0,609.0,233.0,564.0,401.0,412.0,538.0,346.0,410.0,515.0,256.0,302.0,966.0,1026.0,68.0,605.0,261.0,382.0,77.0,272.0,430.0,326.0,678.0,407.0,547.0,597.0,506.0,504.0,538.0,328.0,363.0,217.0,0.0,600.0,349.0,187.0,247.0,500.0,255.0,478.0,508.0,335.0,440.0,593.0,281.0,140.0,508.0,252.0,221.0,590.0,282.0,217.0,499.0,410.0,492.0,447.0,199.0,722.0,674.0,604.0,292.0,234.0,124.0,124.0,67.0,440.0,176.0,128.0,297.0,483.0,236.0,314.0,459.0,451.0,491.0,512.0,523.0,357.0,530.0,395.0,325.0,189.0,148.0,179.0,263.0,344.0,314.0,281.0,357.0
Mont-de-Marsan,602.0,693.0,434.0,555.0,574.0,701.0,508.0,795.0,227.0,678.0,231.0,271.0,492.0,539.0,319.0,190.0,216.0,449.0,305.0,1110.0,1147.0,656.0,512.0,339.0,225.0,677.0,556.0,581.0,523.0,527.0,381.0,165.0,99.0,94.0,332.0,445.0,402.0,355.0,616.0,600.0,0.0,404.0,509.0,449.0,357.0,452.0,187.0,99.0,361.0,407.0,539.0,687.0,728.0,475.0,817.0,744.0,447.0,835.0,485.0,796.0,686.0,484.0,748.0,408.0,78.0,126.0,304.0,892.0,834.0,572.0,724.0,533.0,432.0,659.0,671.0,587.0,594.0,562.0,586.0,288.0,676.0,221.0,160.0,603.0,431.0,298.0,278.0,275.0,789.0,593.0,779.0,535.0,611.0,612.0,579.0,654.0
Blois,351.0,289.0,183.0,690.0,616.0,840.0,436.0,391.0,614.0,240.0,586.0,423.0,577.0,233.0,368.0,214.0,246.0,93.0,290.0,1249.0,1232.0,338.0,291.0,176.0,340.0,411.0,400.0,196.0,119.0,364.0,567.0,552.0,545.0,310.0,526.0,224.0,96.0,49.0,461.0,349.0,404.0,0.0,315.0,328.0,186.0,48.0,452.0,466.0,416.0,126.0,288.0,283.0,410.0,194.0,379.0,306.0,276.0,397.0,167.0,394.0,296.0,178.0,375.0,216.0,482.0,622.0,626.0,496.0,541.0,333.0,431.0,282.0,126.0,420.0,420.0,183.0,249.0,158.0,182.0,190.0,331.0,513.0,503.0,688.0,522.0,209.0,126.0,240.0,442.0,155.0,486.0,131.0,207.0,208.0,175.0,243.0
Saint-Étienne,132.0,510.0,132.0,323.0,249.0,473.0,116.0,534.0,446.0,376.0,401.0,238.0,225.0,513.0,215.0,353.0,481.0,222.0,202.0,882.0,880.0,255.0,571.0,227.0,282.0,264.0,85.0,463.0,386.0,644.0,220.0,384.0,434.0,370.0,292.0,504.0,294.0,329.0,145.0,187.0,509.0,315.0,0.0,60.0,466.0,315.0,341.0,410.0,148.0,406.0,568.0,468.0,327.0,474.0,439.0,408.0,556.0,469.0,183.0,615.0,553.0,458.0,596.0,99.0,559.0,511.0,392.0,479.0,421.0,63.0,311.0,120.0,406.0,150.0,198.0,440.0,516.0,379.0,457.0,425.0,583.0,328.0,349.0,336.0,170.0,496.0,361.0,268.0,376.0,291.0,366.0,406.0,487.0,457.0,424.0,500.0
Le Puy-en-Velay,192.0,523.0,145.0,362.0,288.0,512.0,108.0,581.0,386.0,389.0,341.0,178.0,249.0,526.0,155.0,384.0,503.0,235.0,233.0,921.0,904.0,315.0,584.0,240.0,313.0,324.0,156.0,476.0,399.0,657.0,239.0,324.0,374.0,401.0,232.0,517.0,307.0,342.0,216.0,247.0,449.0,328.0,60.0,0.0,479.0,328.0,281.0,350.0,88.0,419.0,581.0,515.0,387.0,487.0,499.0,455.0,569.0,529.0,196.0,628.0,566.0,471.0,609.0,112.0,499.0,451.0,332.0,539.0,481.0,123.0,371.0,180.0,419.0,210.0,258.0,453.0,529.0,392.0,470.0,438.0,596.0,268.0,289.0,360.0,194.0,509.0,374.0,299.0,436.0,304.0,426.0,419.0,500.0,470.0,437.0,513.0
Nantes,502.0,464.0,334.0,805.0,767.0,951.0,587.0,566.0,556.0,445.0,560.0,479.0,742.0,237.0,424.0,195.0,141.0,244.0,346.0,1360.0,1397.0,489.0,155.0,295.0,282.0,562.0,551.0,275.0,213.0,170.0,631.0,494.0,432.0,263.0,582.0,88.0,243.0,137.0,612.0,500.0,357.0,186.0,466.0,479.0,0.0,234.0,394.0,353.0,556.0,60.0,182.0,447.0,561.0,128.0,580.0,507.0,90.0,703.0,318.0,494.0,384.0,178.0,446.0,367.0,435.0,509.0,633.0,697.0,692.0,484.0,582.0,433.0,126.0,571.0,571.0,332.0,292.0,363.0,285.0,97.0,374.0,497.0,445.0,853.0,681.0,59.0,161.0,280.0,647.0,379.0,637.0,336.0,310.0,344.0,331.0,348.0
Orléans,351.0,241.0,183.0,690.0,616.0,840.0,436.0,343.0,626.0,192.0,581.0,418.0,577.0,256.0,363.0,262.0,294.0,93.0,317.0,1249.0,1232.0,210.0,339.0,203.0,367.0,283.0,400.0,148.0,71.0,412.0,567.0,564.0,572.0,358.0,521.0,272.0,144.0,97.0,461.0,255.0,452.0,48.0,315.0,328.0,234.0,0.0,495.0,493.0,416.0,174.0,311.0,235.0,282.0,224.0,331.0,258.0,324.0,349.0,167.0,346.0,248.0,210.0,327.0,216.0,530.0,649.0,621.0,448.0,413.0,333.0,303.0,282.0,158.0,420.0,420.0,135.0,201.0,110.0,134.0,238.0,283.0,508.0,529.0,688.0,522.0,257.0,174.0,267.0,394.0,107.0,358.0,83.0,159.0,160.0,127.0,195.0
Cahors,473.0,690.0,312.0,429.0,448.0,575.0,340.0,748.0,162.0,556.0,166.0,103.0,366.0,548.0,132.0,199.0,318.0,402.0,210.0,984.0,1021.0,534.0,549.0,276.0,112.0,555.0,388.0,590.0,566.0,564.0,255.0,100.0,136.0,178.0,206.0,482.0,356.0,364.0,448.0,478.0,187.0,452.0,341.0,281.0,394.0,495.0,0.0,88.0,193.0,416.0,576.0,682.0,606.0,484.0,695.0,622.0,484.0,713.0,363.0,795.0,733.0,493.0,776.0,279.0,261.0,213.0,239.0,770.0,712.0,404.0,602.0,411.0,441.0,491.0,539.0,620.0,603.0,559.0,637.0,297.0,685.0,103.0,51.0,477.0,305.0,368.0,287.0,212.0,667.0,471.0,657.0,586.0,667.0,637.0,604.0,680.0
Agen,542.0,720.0,342.0,498.0,517.0,644.0,409.0,778.0,172.0,586.0,176.0,172.0,435.0,535.0,220.0,186.0,212.0,400.0,206.0,1053.0,1090.0,564.0,508.0,290.0,126.0,585.0,457.0,577.0,564.0,523.0,324.0,110.0,79.0,90.0,275.0,441.0,370.0,351.0,517.0,508.0,99.0,466.0,410.0,350.0,353.0,493.0,88.0,0.0,262.0,403.0,535.0,712.0,636.0,471.0,725.0,652.0,443.0,743.0,393.0,792.0,682.0,480.0,744.0,309.0,204.0,156.0,249.0,800.0,742.0,473.0,632.0,441.0,428.0,560.0,608.0,628.0,590.0,589.0,627.0,284.0,672.0,126.0,61.0,546.0,374.0,294.0,274.0,226.0,697.0,501.0,687.0,576.0,652.0,653.0,620.0,650.0
Mende,280.0,611.0,233.0,325.0,327.0,471.0,147.0,669.0,298.0,477.0,253.0,90.0,262.0,614.0,132.0,361.0,480.0,323.0,210.0,880.0,917.0,403.0,697.0,324.0,305.0,412.0,195.0,564.0,487.0,726.0,151.0,236.0,286.0,352.0,144.0,630.0,395.0,430.0,255.0,335.0,361.0,416.0,148.0,88.0,556.0,416.0,193.0,262.0,0.0,532.0,722.0,603.0,475.0,600.0,587.0,543.0,646.0,617.0,284.0,716.0,654.0,559.0,697.0,200.0,411.0,363.0,244.0,627.0,569.0,211.0,459.0,268.0,507.0,298.0,346.0,541.0,617.0,480.0,558.0,459.0,684.0,180.0,201.0,373.0,201.0,530.0,403.0,276.0,524.0,392.0,514.0,507.0,588.0,558.0,525.0,601.0
Angers,442.0,403.0,274.0,781.0,707.0,927.0,527.0,505.0,578.0,385.0,582.0,455.0,718.0,173.0,400.0,217.0,165.0,184.0,322.0,1336.0,1373.0,429.0,165.0,263.0,304.0,502.0,491.0,215.0,153.0,238.0,607.0,516.0,482.0,313.0,558.0,98.0,183.0,77.0,552.0,440.0,407.0,126.0,406.0,419.0,60.0,174.0,416.0,403.0,532.0,0.0,190.0,387.0,501.0,68.0,520.0,447.0,150.0,538.0,258.0,430.0,320.0,118.0,382.0,307.0,485.0,559.0,658.0,637.0,632.0,424.0,522.0,373.0,66.0,511.0,511.0,272.0,228.0,303.0,225.0,122.0,310.0,519.0,467.0,829.0,657.0,83.0,129.0,256.0,587.0,319.0,577.0,276.0,250.0,284.0,271.0,288.0
Saint-Lô,604.0,282.0,436.0,971.0,869.0,1117.0,689.0,384.0,738.0,439.0,742.0,645.0,908.0,55.0,590.0,377.0,323.0,346.0,512.0,1526.0,1563.0,548.0,122.0,453.0,464.0,621.0,653.0,163.0,240.0,230.0,797.0,676.0,614.0,445.0,748.0,94.0,345.0,239.0,714.0,593.0,539.0,288.0,568.0,581.0,182.0,311.0,576.0,535.0,722.0,190.0,0.0,362.0,503.0,122.0,495.0,422.0,179.0,521.0,420.0,312.0,202.0,110.0,264.0,469.0,617.0,691.0,848.0,612.0,666.0,586.0,600.0,535.0,162.0,673.0,673.0,296.0,110.0,357.0,286.0,279.0,192.0,679.0,627.0,1019.0,847.0,241.0,319.0,446.0,558.0,445.0,637.0,348.0,271.0,305.0,322.0,236.0
Châlons-en-Champagne,340.0,80.0,370.0,688.0,614.0,838.0,623.0,81.0,813.0,126.0,768.0,605.0,764.0,307.0,550.0,497.0,529.0,346.0,506.0,1247.0,1307.0,213.0,484.0,465.0,586.0,285.0,553.0,268.0,234.0,592.0,754.0,751.0,801.0,593.0,708.0,456.0,418.0,332.0,498.0,281.0,687.0,283.0,468.0,515.0,447.0,235.0,682.0,712.0,603.0,387.0,362.0,0.0,141.0,387.0,133.0,60.0,541.0,151.0,319.0,185.0,192.0,365.0,166.0,403.0,926.0,878.0,808.0,250.0,304.0,405.0,238.0,348.0,321.0,457.0,409.0,142.0,252.0,125.0,162.0,473.0,170.0,695.0,716.0,875.0,709.0,470.0,409.0,529.0,196.0,211.0,275.0,152.0,156.0,122.0,116.0,195.0
Chaumont,199.0,221.0,294.0,547.0,473.0,697.0,443.0,207.0,737.0,147.0,692.0,529.0,552.0,448.0,474.0,538.0,633.0,317.0,430.0,1106.0,1166.0,72.0,625.0,389.0,510.0,144.0,412.0,409.0,375.0,733.0,547.0,675.0,725.0,634.0,632.0,597.0,389.0,424.0,357.0,140.0,728.0,410.0,327.0,387.0,561.0,282.0,606.0,636.0,475.0,501.0,503.0,141.0,0.0,528.0,154.0,81.0,682.0,172.0,243.0,359.0,333.0,506.0,307.0,327.0,850.0,802.0,732.0,233.0,207.0,264.0,97.0,207.0,462.0,316.0,268.0,283.0,393.0,229.0,303.0,577.0,311.0,619.0,640.0,663.0,497.0,584.0,513.0,453.0,101.0,175.0,152.0,256.0,297.0,263.0,257.0,336.0
Laval,510.0,366.0,342.0,849.0,775.0,995.0,595.0,468.0,646.0,385.0,650.0,523.0,786.0,136.0,468.0,285.0,233.0,252.0,390.0,1404.0,1441.0,497.0,133.0,331.0,372.0,570.0,559.0,178.0,153.0,206.0,675.0,584.0,550.0,381.0,626.0,66.0,251.0,145.0,620.0,508.0,475.0,194.0,474.0,487.0,128.0,224.0,484.0,471.0,600.0,68.0,122.0,387.0,528.0,0.0,520.0,447.0,151.0,605.0,326.0,393.0,283.0,81.0,345.0,375.0,553.0,627.0,726.0,637.0,700.0,492.0,590.0,441.0,66.0,579.0,579.0,272.0,191.0,303.0,225.0,190.0,273.0,587.0,535.0,897.0,725.0,151.0,197.0,324.0,583.0,331.0,645.0,276.0,286.0,320.0,271.0,251.0
Nancy,311.0,213.0,383.0,659.0,585.0,809.0,555.0,184.0,826.0,139.0,781.0,618.0,664.0,440.0,563.0,627.0,675.0,359.0,519.0,1218.0,1278.0,221.0,617.0,478.0,599.0,175.0,524.0,401.0,367.0,725.0,659.0,764.0,814.0,723.0,721.0,589.0,431.0,428.0,469.0,252.0,817.0,379.0,439.0,499.0,580.0,331.0,695.0,725.0,587.0,520.0,495.0,133.0,154.0,520.0,0.0,73.0,674.0,47.0,332.0,336.0,325.0,498.0,299.0,416.0,939.0,891.0,821.0,117.0,171.0,376.0,128.0,319.0,454.0,428.0,380.0,275.0,385.0,221.0,295.0,619.0,303.0,708.0,729.0,775.0,609.0,603.0,555.0,542.0,63.0,224.0,142.0,248.0,289.0,255.0,249.0,328.0
Bar-le-Duc,280.0,140.0,310.0,628.0,554.0,778.0,563.0,126.0,753.0,66.0,708.0,545.0,704.0,367.0,490.0,554.0,602.0,286.0,446.0,1187.0,1247.0,153.0,544.0,405.0,526.0,225.0,493.0,328.0,294.0,652.0,694.0,691.0,741.0,650.0,648.0,516.0,358.0,355.0,438.0,221.0,744.0,306.0,408.0,455.0,507.0,258.0,622.0,652.0,543.0,447.0,422.0,60.0,81.0,447.0,73.0,0.0,601.0,91.0,259.0,278.0,252.0,425.0,226.0,343.0,866.0,818.0,748.0,190.0,244.0,345.0,178.0,288.0,381.0,397.0,349.0,202.0,312.0,148.0,222.0,546.0,230.0,635.0,656.0,815.0,649.0,530.0,482.0,469.0,136.0,151.0,215.0,175.0,216.0,182.0,176.0,255.0
Vannes,592.0,461.0,424.0,895.0,857.0,1041.0,677.0,563.0,646.0,536.0,650.0,569.0,832.0,234.0,514.0,285.0,231.0,334.0,436.0,1450.0,1487.0,579.0,94.0,385.0,372.0,652.0,641.0,342.0,304.0,80.0,721.0,584.0,522.0,353.0,672.0,85.0,333.0,227.0,702.0,590.0,447.0,276.0,556.0,569.0,90.0,324.0,484.0,443.0,646.0,150.0,179.0,541.0,682.0,151.0,674.0,601.0,0.0,700.0,408.0,491.0,381.0,232.0,443.0,457.0,525.0,599.0,723.0,791.0,782.0,574.0,672.0,523.0,217.0,661.0,661.0,475.0,289.0,454.0,376.0,187.0,371.0,587.0,535.0,943.0,771.0,149.0,251.0,370.0,737.0,469.0,727.0,427.0,450.0,484.0,422.0,415.0
Metz,341.0,239.0,401.0,689.0,615.0,839.0,585.0,137.0,844.0,157.0,799.0,636.0,694.0,466.0,581.0,645.0,693.0,377.0,537.0,1248.0,1308.0,251.0,643.0,496.0,617.0,205.0,554.0,427.0,385.0,751.0,689.0,782.0,832.0,741.0,739.0,615.0,449.0,446.0,499.0,282.0,835.0,397.0,469.0,529.0,703.0,349.0,713.0,743.0,617.0,538.0,521.0,151.0,172.0,605.0,47.0,91.0,700.0,0.0,350.0,289.0,351.0,524.0,337.0,434.0,957.0,909.0,839.0,99.0,157.0,406.0,158.0,349.0,472.0,458.0,410.0,293.0,411.0,239.0,313.0,637.0,329.0,726.0,747.0,805.0,639.0,621.0,573.0,560.0,93.0,242.0,172.0,266.0,307.0,273.0,267.0,354.0
Nevers,219.0,327.0,51.0,558.0,484.0,708.0,304.0,385.0,494.0,193.0,449.0,286.0,445.0,365.0,231.0,295.0,390.0,74.0,187.0,1117.0,1100.0,171.0,423.0,146.0,267.0,244.0,268.0,315.0,238.0,496.0,435.0,432.0,482.0,391.0,389.0,356.0,146.0,181.0,329.0,217.0,485.0,167.0,183.0,196.0,318.0,167.0,363.0,393.0,284.0,258.0,420.0,319.0,243.0,326.0,332.0,259.0,408.0,350.0,0.0,432.0,370.0,310.0,413.0,84.0,607.0,559.0,489.0,432.0,374.0,201.0,264.0,150.0,258.0,288.0,288.0,257.0,368.0,196.0,274.0,334.0,400.0,376.0,397.0,556.0,390.0,341.0,270.0,210.0,329.0,108.0,319.0,223.0,304.0,274.0,241.0,317.0
Lille,558.0,105.0,483.0,835.0,761.0,985.0,736.0,152.0,926.0,344.0,881.0,718.0,877.0,257.0,663.0,606.0,635.0,439.0,619.0,1394.0,1454.0,431.0,434.0,578.0,693.0,494.0,700.0,255.0,332.0,542.0,867.0,864.0,914.0,702.0,821.0,406.0,490.0,441.0,645.0,499.0,796.0,394.0,615.0,628.0,494.0,346.0,795.0,792.0,716.0,430.0,312.0,185.0,359.0,393.0,336.0,278.0,491.0,289.0,432.0,0.0,171.0,312.0,48.0,516.0,874.0,991.0,921.0,388.0,446.0,517.0,447.0,460.0,364.0,604.0,627.0,240.0,202.0,236.0,261.0,552.0,120.0,808.0,829.0,988.0,822.0,553.0,518.0,642.0,382.0,324.0,461.0,263.0,236.0,202.0,235.0,203.0
Beauvais,469.0,112.0,421.0,773.0,699.0,923.0,674.0,214.0,864.0,256.0,819.0,656.0,815.0,147.0,601.0,496.0,525.0,341.0,557.0,1332.0,1392.0,365.0,324.0,451.0,583.0,477.0,638.0,126.0,175.0,432.0,805.0,802.0,761.0,592.0,759.0,296.0,392.0,331.0,583.0,410.0,686.0,296.0,553.0,566.0,384.0,248.0,733.0,682.0,654.0,320.0,202.0,192.0,333.0,283.0,325.0,252.0,381.0,351.0,370.0,171.0,0.0,202.0,123.0,454.0,764.0,838.0,859.0,442.0,496.0,455.0,430.0,398.0,254.0,542.0,538.0,113.0,92.0,174.0,103.0,442.0,51.0,746.0,767.0,926.0,760.0,443.0,408.0,515.0,388.0,262.0,467.0,165.0,88.0,122.0,139.0,53.0
Alençon,494.0,285.0,326.0,833.0,759.0,983.0,579.0,387.0,655.0,373.0,659.0,532.0,720.0,55.0,477.0,294.0,283.0,236.0,399.0,1392.0,1375.0,482.0,232.0,315.0,381.0,555.0,543.0,97.0,139.0,287.0,684.0,593.0,559.0,390.0,635.0,147.0,235.0,129.0,604.0,492.0,484.0,178.0,458.0,471.0,178.0,210.0,493.0,480.0,559.0,118.0,110.0,365.0,506.0,81.0,498.0,425.0,232.0,524.0,310.0,312.0,202.0,0.0,264.0,359.0,562.0,636.0,735.0,615.0,669.0,476.0,603.0,425.0,52.0,563.0,563.0,230.0,110.0,291.0,220.0,240.0,192.0,596.0,544.0,831.0,665.0,201.0,206.0,333.0,561.0,379.0,640.0,282.0,205.0,239.0,256.0,170.0
Arras,506.0,86.0,464.0,816.0,742.0,966.0,717.0,200.0,907.0,292.0,862.0,699.0,858.0,209.0,644.0,558.0,587.0,420.0,600.0,1375.0,1435.0,379.0,386.0,559.0,645.0,451.0,681.0,207.0,284.0,494.0,848.0,845.0,823.0,654.0,802.0,358.0,471.0,393.0,626.0,447.0,748.0,375.0,596.0,609.0,446.0,327.0,776.0,744.0,697.0,382.0,264.0,166.0,307.0,345.0,299.0,226.0,443.0,337.0,413.0,48.0,123.0,264.0,0.0,497.0,826.0,900.0,902.0,416.0,470.0,498.0,404.0,441.0,316.0,585.0,575.0,221.0,154.0,217.0,205.0,504.0,72.0,789.0,810.0,969.0,803.0,505.0,470.0,623.0,362.0,305.0,441.0,244.0,190.0,183.0,216.0,155.0
Clermont-Ferrand,201.0,411.0,33.0,474.0,400.0,624.0,220.0,469.0,410.0,277.0,365.0,202.0,361.0,414.0,147.0,254.0,382.0,123.0,103.0,1033.0,1016.0,255.0,472.0,128.0,183.0,276.0,184.0,364.0,287.0,545.0,351.0,348.0,398.0,271.0,305.0,405.0,195.0,230.0,244.0,199.0,408.0,216.0,99.0,112.0,367.0,216.0,279.0,309.0,200.0,307.0,469.0,403.0,327.0,375.0,416.0,343.0,457.0,434.0,84.0,516.0,454.0,359.0,497.0,0.0,523.0,475.0,405.0,491.0,433.0,114.0,323.0,132.0,307.0,201.0,270.0,341.0,417.0,280.0,358.0,326.0,484.0,292.0,313.0,472.0,306.0,397.0,262.0,169.0,388.0,192.0,378.0,307.0,388.0,358.0,325.0,401.0
Pau,691.0,771.0,556.0,540.0,559.0,686.0,558.0,992.0,170.0,800.0,216.0,321.0,477.0,617.0,376.0,268.0,294.0,527.0,410.0,1095.0,1132.0,778.0,590.0,417.0,330.0,799.0,606.0,659.0,601.0,605.0,366.0,150.0,125.0,172.0,317.0,523.0,480.0,433.0,666.0,722.0,78.0,482.0,559.0,499.0,435.0,530.0,261.0,204.0,411.0,485.0,617.0,926.0,850.0,553.0,939.0,866.0,525.0,957.0,607.0,874.0,764.0,562.0,826.0,523.0,0.0,48.0,289.0,1014.0,956.0,622.0,846.0,655.0,510.0,709.0,757.0,665.0,672.0,640.0,664.0,366.0,754.0,206.0,210.0,588.0,416.0,376.0,356.0,353.0,911.0,715.0,901.0,613.0,689.0,690.0,657.0,732.0
Tarbes,643.0,886.0,508.0,492.0,511.0,638.0,510.0,944.0,122.0,752.0,168.0,273.0,429.0,691.0,328.0,342.0,368.0,556.0,362.0,1047.0,1084.0,730.0,664.0,446.0,282.0,751.0,558.0,733.0,720.0,679.0,318.0,102.0,77.0,246.0,269.0,597.0,526.0,507.0,618.0,674.0,126.0,622.0,511.0,451.0,509.0,649.0,213.0,156.0,363.0,559.0,691.0,878.0,802.0,627.0,891.0,818.0,599.0,909.0,559.0,991.0,838.0,636.0,900.0,475.0,48.0,0.0,241.0,966.0,908.0,574.0,798.0,607.0,584.0,661.0,709.0,816.0,746.0,755.0,783.0,440.0,828.0,158.0,162.0,540.0,368.0,450.0,430.0,382.0,863.0,667.0,853.0,732.0,863.0,833.0,800.0,876.0
Perpignan,524.0,816.0,438.0,323.0,342.0,469.0,285.0,874.0,134.0,682.0,73.0,203.0,260.0,790.0,258.0,438.0,461.0,528.0,336.0,878.0,915.0,660.0,823.0,450.0,351.0,681.0,284.0,769.0,692.0,803.0,149.0,139.0,205.0,339.0,100.0,756.0,530.0,606.0,344.0,604.0,304.0,626.0,392.0,332.0,633.0,621.0,239.0,249.0,244.0,658.0,848.0,808.0,732.0,726.0,821.0,748.0,723.0,839.0,489.0,921.0,859.0,735.0,902.0,405.0,289.0,241.0,0.0,896.0,838.0,455.0,728.0,537.0,683.0,385.0,433.0,746.0,822.0,685.0,763.0,536.0,889.0,146.0,188.0,371.0,199.0,543.0,529.0,402.0,793.0,597.0,783.0,712.0,793.0,763.0,730.0,806.0
Strasbourg,351.0,330.0,458.0,699.0,625.0,849.0,595.0,236.0,901.0,256.0,856.0,693.0,704.0,557.0,638.0,702.0,792.0,476.0,594.0,1258.0,1318.0,261.0,734.0,553.0,674.0,215.0,564.0,518.0,484.0,842.0,699.0,839.0,889.0,798.0,796.0,706.0,548.0,545.0,509.0,292.0,892.0,496.0,479.0,539.0,697.0,448.0,770.0,800.0,627.0,637.0,612.0,250.0,233.0,637.0,117.0,190.0,791.0,99.0,432.0,388.0,442.0,615.0,416.0,491.0,1014.0,966.0,896.0,0.0,58.0,416.0,168.0,359.0,571.0,468.0,420.0,392.0,502.0,338.0,412.0,736.0,420.0,783.0,804.0,815.0,649.0,720.0,672.0,617.0,132.0,341.0,113.0,365.0,406.0,372.0,366.0,445.0
Colmar,293.0,384.0,400.0,641.0,567.0,791.0,537.0,294.0,843.0,310.0,798.0,635.0,646.0,611.0,580.0,644.0,749.0,448.0,536.0,1200.0,1260.0,203.0,788.0,495.0,616.0,157.0,506.0,572.0,538.0,896.0,641.0,781.0,831.0,740.0,738.0,760.0,520.0,555.0,451.0,234.0,834.0,541.0,421.0,481.0,692.0,413.0,712.0,742.0,569.0,632.0,666.0,304.0,207.0,700.0,171.0,244.0,782.0,157.0,374.0,446.0,496.0,669.0,470.0,433.0,956.0,908.0,838.0,58.0,0.0,358.0,110.0,301.0,625.0,410.0,362.0,446.0,556.0,392.0,466.0,693.0,474.0,725.0,746.0,757.0,591.0,764.0,629.0,559.0,108.0,306.0,55.0,419.0,460.0,426.0,420.0,499.0
Lyon,69.0,412.0,150.0,318.0,244.0,468.0,179.0,471.0,509.0,278.0,464.0,301.0,288.0,531.0,278.0,394.0,499.0,240.0,217.0,877.0,937.0,192.0,589.0,245.0,297.0,201.0,148.0,481.0,404.0,662.0,283.0,447.0,497.0,385.0,355.0,522.0,312.0,347.0,128.0,124.0,572.0,333.0,63.0,123.0,484.0,333.0,404.0,473.0,211.0,424.0,586.0,405.0,264.0,492.0,376.0,345.0,574.0,406.0,201.0,517.0,455.0,476.0,498.0,114.0,622.0,574.0,455.0,416.0,358.0,0.0,248.0,57.0,424.0,87.0,135.0,342.0,534.0,281.0,359.0,443.0,485.0,391.0,412.0,399.0,233.0,514.0,379.0,309.0,313.0,193.0,303.0,308.0,389.0,359.0,326.0,402.0
Vesoul,183.0,318.0,290.0,531.0,457.0,681.0,427.0,295.0,733.0,244.0,688.0,525.0,536.0,545.0,470.0,534.0,639.0,338.0,426.0,1090.0,1150.0,93.0,687.0,385.0,506.0,47.0,396.0,506.0,374.0,760.0,531.0,671.0,721.0,630.0,628.0,620.0,410.0,445.0,341.0,124.0,724.0,431.0,311.0,371.0,582.0,303.0,602.0,632.0,459.0,522.0,600.0,238.0,97.0,590.0,128.0,178.0,672.0,158.0,264.0,447.0,430.0,603.0,404.0,323.0,846.0,798.0,728.0,168.0,110.0,248.0,0.0,191.0,522.0,300.0,252.0,345.0,490.0,284.0,362.0,583.0,408.0,615.0,636.0,647.0,481.0,654.0,519.0,449.0,65.0,196.0,55.0,311.0,394.0,360.0,329.0,433.0
Mâcon,69.0,355.0,99.0,375.0,301.0,525.0,236.0,414.0,542.0,221.0,497.0,334.0,345.0,480.0,279.0,343.0,448.0,189.0,235.0,934.0,994.0,135.0,538.0,194.0,315.0,144.0,205.0,430.0,353.0,611.0,340.0,480.0,530.0,439.0,437.0,471.0,261.0,296.0,185.0,67.0,533.0,282.0,120.0,180.0,433.0,282.0,411.0,441.0,268.0,373.0,535.0,348.0,207.0,441.0,319.0,288.0,523.0,349.0,150.0,460.0,398.0,425.0,441.0,132.0,655.0,607.0,537.0,359.0,301.0,57.0,191.0,0.0,373.0,144.0,138.0,285.0,483.0,224.0,302.0,392.0,428.0,424.0,445.0,456.0,290.0,463.0,328.0,258.0,256.0,136.0,246.0,251.0,332.0,302.0,269.0,345.0
Le Mans,442.0,337.0,274.0,781.0,707.0,931.0,527.0,439.0,603.0,319.0,607.0,480.0,668.0,107.0,425.0,242.0,231.0,184.0,347.0,1340.0,1323.0,429.0,199.0,263.0,329.0,502.0,491.0,149.0,87.0,272.0,632.0,541.0,507.0,338.0,583.0,132.0,183.0,77.0,552.0,440.0,432.0,126.0,406.0,419.0,126.0,158.0,441.0,428.0,507.0,66.0,162.0,321.0,462.0,66.0,454.0,381.0,217.0,472.0,258.0,364.0,254.0,52.0,316.0,307.0,510.0,584.0,683.0,571.0,625.0,424.0,522.0,373.0,0.0,511.0,511.0,206.0,162.0,237.0,159.0,188.0,244.0,544.0,492.0,779.0,613.0,149.0,154.0,281.0,517.0,265.0,577.0,210.0,184.0,218.0,205.0,222.0
Chambéry,117.0,499.0,237.0,231.0,157.0,381.0,149.0,523.0,463.0,365.0,386.0,388.0,241.0,618.0,365.0,481.0,586.0,327.0,304.0,790.0,850.0,244.0,676.0,332.0,384.0,253.0,101.0,568.0,491.0,749.0,236.0,534.0,584.0,472.0,285.0,609.0,399.0,434.0,41.0,176.0,659.0,420.0,150.0,210.0,571.0,420.0,491.0,560.0,298.0,511.0,673.0,457.0,316.0,579.0,428.0,397.0,661.0,458.0,288.0,604.0,542.0,563.0,585.0,201.0,709.0,661.0,385.0,468.0,410.0,87.0,300.0,144.0,511.0,0.0,48.0,429.0,621.0,368.0,446.0,530.0,572.0,478.0,499.0,356.0,186.0,601.0,466.0,396.0,365.0,280.0,355.0,395.0,476.0,446.0,413.0,489.0
Annecy,69.0,489.0,237.0,279.0,205.0,429.0,197.0,475.0,511.0,361.0,434.0,436.0,289.0,618.0,413.0,481.0,586.0,327.0,373.0,838.0,898.0,196.0,676.0,332.0,453.0,205.0,149.0,568.0,491.0,749.0,284.0,582.0,632.0,577.0,333.0,609.0,399.0,434.0,89.0,128.0,671.0,420.0,198.0,258.0,571.0,420.0,539.0,608.0,346.0,511.0,673.0,409.0,268.0,579.0,380.0,349.0,661.0,410.0,288.0,627.0,538.0,563.0,575.0,270.0,757.0,709.0,433.0,420.0,362.0,135.0,252.0,138.0,511.0,48.0,0.0,425.0,621.0,364.0,442.0,530.0,579.0,526.0,547.0,404.0,234.0,601.0,466.0,396.0,317.0,276.0,307.0,391.0,472.0,442.0,409.0,485.0
Paris,356.0,135.0,308.0,660.0,586.0,810.0,561.0,237.0,751.0,143.0,706.0,543.0,702.0,241.0,488.0,397.0,429.0,228.0,444.0,1219.0,1279.0,252.0,418.0,338.0,502.0,325.0,525.0,133.0,119.0,526.0,692.0,689.0,739.0,493.0,646.0,390.0,279.0,232.0,470.0,297.0,587.0,183.0,440.0,453.0,332.0,135.0,620.0,628.0,541.0,272.0,296.0,142.0,283.0,272.0,275.0,202.0,475.0,293.0,257.0,240.0,113.0,230.0,221.0,341.0,665.0,816.0,746.0,392.0,446.0,342.0,345.0,285.0,206.0,429.0,425.0,0.0,186.0,61.0,47.0,373.0,143.0,633.0,654.0,813.0,647.0,355.0,309.0,402.0,338.0,149.0,417.0,52.0,47.0,38.0,26.0,60.0
Rouen,552.0,172.0,384.0,891.0,817.0,1041.0,637.0,274.0,765.0,329.0,782.0,619.0,778.0,55.0,564.0,404.0,433.0,294.0,518.0,1450.0,1433.0,438.0,232.0,404.0,491.0,511.0,601.0,53.0,130.0,340.0,768.0,703.0,669.0,500.0,722.0,204.0,345.0,239.0,662.0,483.0,594.0,249.0,516.0,529.0,292.0,201.0,603.0,590.0,617.0,228.0,110.0,252.0,393.0,191.0,385.0,312.0,289.0,411.0,368.0,202.0,92.0,110.0,154.0,417.0,672.0,746.0,822.0,502.0,556.0,534.0,490.0,483.0,162.0,621.0,621.0,186.0,0.0,247.0,176.0,350.0,82.0,709.0,654.0,889.0,723.0,351.0,316.0,443.0,448.0,335.0,527.0,238.0,161.0,195.0,212.0,126.0
Melun,295.0,131.0,247.0,599.0,525.0,749.0,500.0,233.0,690.0,82.0,645.0,482.0,641.0,302.0,427.0,372.0,404.0,203.0,383.0,1158.0,1218.0,191.0,479.0,342.0,463.0,264.0,464.0,194.0,150.0,509.0,631.0,628.0,678.0,468.0,585.0,369.0,254.0,207.0,409.0,236.0,562.0,158.0,379.0,392.0,363.0,110.0,559.0,589.0,480.0,303.0,357.0,125.0,229.0,303.0,221.0,148.0,454.0,239.0,196.0,236.0,174.0,291.0,217.0,280.0,640.0,755.0,685.0,338.0,392.0,281.0,284.0,224.0,237.0,368.0,364.0,61.0,247.0,0.0,78.0,348.0,204.0,572.0,593.0,752.0,586.0,386.0,284.0,406.0,284.0,88.0,339.0,27.0,108.0,78.0,45.0,121.0
Versailles,373.0,156.0,325.0,677.0,603.0,827.0,578.0,258.0,768.0,160.0,723.0,560.0,719.0,231.0,505.0,396.0,390.0,227.0,461.0,1236.0,1296.0,269.0,358.0,337.0,501.0,342.0,542.0,123.0,72.0,431.0,709.0,706.0,706.0,492.0,663.0,291.0,278.0,231.0,487.0,314.0,586.0,182.0,457.0,470.0,285.0,134.0,637.0,627.0,558.0,225.0,286.0,162.0,303.0,225.0,295.0,222.0,376.0,313.0,274.0,261.0,103.0,220.0,205.0,358.0,664.0,783.0,763.0,412.0,466.0,359.0,362.0,302.0,159.0,446.0,442.0,47.0,176.0,78.0,0.0,347.0,133.0,650.0,671.0,830.0,664.0,308.0,308.0,401.0,358.0,166.0,417.0,51.0,25.0,59.0,46.0,50.0
Niort,461.0,479.0,293.0,708.0,726.0,854.0,546.0,581.0,459.0,480.0,463.0,382.0,645.0,295.0,327.0,98.0,56.0,260.0,249.0,1263.0,1300.0,505.0,252.0,198.0,185.0,536.0,510.0,337.0,275.0,267.0,534.0,397.0,363.0,194.0,485.0,185.0,188.0,141.0,571.0,459.0,288.0,190.0,425.0,438.0,97.0,238.0,297.0,284.0,459.0,122.0,279.0,473.0,577.0,190.0,619.0,546.0,187.0,637.0,334.0,552.0,442.0,240.0,504.0,326.0,366.0,440.0,536.0,736.0,693.0,443.0,583.0,392.0,188.0,530.0,530.0,373.0,350.0,348.0,347.0,0.0,432.0,400.0,348.0,756.0,584.0,71.0,64.0,183.0,648.0,395.0,638.0,321.0,372.0,398.0,365.0,410.0
Amiens,510.0,90.0,451.0,803.0,729.0,953.0,704.0,192.0,894.0,286.0,849.0,686.0,845.0,137.0,631.0,486.0,515.0,376.0,587.0,1362.0,1422.0,383.0,314.0,486.0,573.0,455.0,668.0,135.0,212.0,422.0,835.0,832.0,751.0,582.0,789.0,286.0,427.0,321.0,613.0,451.0,676.0,331.0,583.0,596.0,374.0,283.0,685.0,672.0,684.0,310.0,192.0,170.0,311.0,273.0,303.0,230.0,371.0,329.0,400.0,120.0,51.0,192.0,72.0,484.0,754.0,828.0,889.0,420.0,474.0,485.0,408.0,428.0,244.0,572.0,579.0,143.0,82.0,204.0,133.0,432.0,0.0,776.0,736.0,956.0,790.0,433.0,398.0,525.0,366.0,292.0,445.0,195.0,118.0,152.0,169.0,83.0
Albi,460.0,703.0,325.0,416.0,435.0,562.0,327.0,761.0,118.0,569.0,73.0,90.0,353.0,651.0,145.0,302.0,338.0,415.0,223.0,971.0,1008.0,547.0,652.0,337.0,215.0,568.0,375.0,656.0,579.0,667.0,242.0,56.0,122.0,216.0,193.0,585.0,417.0,467.0,435.0,491.0,221.0,513.0,328.0,268.0,497.0,508.0,103.0,126.0,180.0,519.0,679.0,695.0,619.0,587.0,708.0,635.0,587.0,726.0,376.0,808.0,746.0,596.0,789.0,292.0,206.0,158.0,146.0,783.0,725.0,391.0,615.0,424.0,544.0,478.0,526.0,633.0,709.0,572.0,650.0,400.0,776.0,0.0,65.0,464.0,292.0,471.0,390.0,289.0,680.0,484.0,670.0,599.0,680.0,650.0,617.0,693.0
Montauban,481.0,724.0,346.0,437.0,456.0,583.0,348.0,782.0,111.0,590.0,115.0,111.0,374.0,599.0,166.0,250.0,273.0,436.0,244.0,992.0,1029.0,568.0,600.0,327.0,163.0,589.0,396.0,677.0,600.0,615.0,263.0,49.0,85.0,151.0,214.0,533.0,407.0,415.0,456.0,512.0,160.0,503.0,349.0,289.0,445.0,529.0,51.0,61.0,201.0,467.0,627.0,716.0,640.0,535.0,729.0,656.0,535.0,747.0,397.0,829.0,767.0,544.0,810.0,313.0,210.0,162.0,188.0,804.0,746.0,412.0,636.0,445.0,492.0,499.0,547.0,654.0,654.0,593.0,671.0,348.0,736.0,65.0,0.0,485.0,313.0,355.0,338.0,263.0,701.0,505.0,691.0,620.0,701.0,671.0,638.0,714.0
Toulon,468.0,883.0,505.0,125.0,199.0,98.0,252.0,941.0,449.0,749.0,372.0,374.0,111.0,886.0,429.0,658.0,777.0,595.0,507.0,507.0,544.0,591.0,994.0,621.0,589.0,600.0,251.0,836.0,759.0,1023.0,222.0,438.0,504.0,636.0,271.0,927.0,667.0,702.0,315.0,523.0,603.0,688.0,336.0,360.0,853.0,688.0,477.0,546.0,373.0,829.0,1019.0,875.0,663.0,897.0,775.0,815.0,943.0,805.0,556.0,988.0,926.0,831.0,969.0,472.0,588.0,540.0,371.0,815.0,757.0,399.0,647.0,456.0,779.0,356.0,404.0,813.0,889.0,752.0,830.0,756.0,956.0,464.0,485.0,0.0,166.0,827.0,700.0,573.0,712.0,664.0,702.0,779.0,860.0,830.0,797.0,873.0
Avignon,302.0,717.0,339.0,124.0,143.0,264.0,86.0,775.0,277.0,583.0,200.0,202.0,55.0,720.0,257.0,486.0,605.0,429.0,335.0,673.0,710.0,425.0,822.0,449.0,417.0,434.0,85.0,670.0,593.0,851.0,50.0,266.0,332.0,464.0,99.0,755.0,501.0,536.0,145.0,357.0,431.0,522.0,170.0,194.0,681.0,522.0,305.0,374.0,201.0,657.0,847.0,709.0,497.0,725.0,609.0,649.0,771.0,639.0,390.0,822.0,760.0,665.0,803.0,306.0,416.0,368.0,199.0,649.0,591.0,233.0,481.0,290.0,613.0,186.0,234.0,647.0,723.0,586.0,664.0,584.0,790.0,292.0,313.0,166.0,0.0,655.0,528.0,401.0,546.0,498.0,536.0,613.0,694.0,664.0,631.0,707.0
La Roche-sur-Yon,532.0,486.0,364.0,779.0,797.0,925.0,617.0,588.0,466.0,468.0,470.0,453.0,716.0,296.0,398.0,169.0,82.0,267.0,320.0,1334.0,1371.0,512.0,214.0,269.0,256.0,607.0,581.0,298.0,236.0,229.0,605.0,404.0,373.0,204.0,556.0,147.0,259.0,160.0,642.0,530.0,298.0,209.0,496.0,509.0,59.0,257.0,368.0,294.0,530.0,83.0,241.0,470.0,584.0,151.0,603.0,530.0,149.0,621.0,341.0,553.0,443.0,201.0,505.0,397.0,376.0,450.0,543.0,720.0,764.0,514.0,654.0,463.0,149.0,601.0,601.0,355.0,351.0,386.0,308.0,71.0,433.0,471.0,355.0,827.0,655.0,0.0,135.0,254.0,719.0,402.0,709.0,359.0,333.0,367.0,354.0,371.0
Poitiers,397.0,415.0,229.0,652.0,662.0,798.0,482.0,517.0,449.0,416.0,453.0,326.0,589.0,261.0,271.0,88.0,120.0,196.0,193.0,1207.0,1244.0,441.0,294.0,134.0,175.0,472.0,446.0,303.0,245.0,367.0,478.0,387.0,353.0,184.0,429.0,227.0,124.0,77.0,507.0,395.0,278.0,126.0,361.0,374.0,161.0,174.0,287.0,274.0,403.0,129.0,319.0,409.0,513.0,197.0,555.0,482.0,251.0,573.0,270.0,518.0,408.0,206.0,470.0,262.0,356.0,430.0,529.0,672.0,629.0,379.0,519.0,328.0,154.0,466.0,466.0,309.0,316.0,284.0,308.0,64.0,398.0,390.0,338.0,700.0,528.0,135.0,0.0,127.0,584.0,331.0,574.0,257.0,333.0,334.0,301.0,376.0
Limoges,327.0,537.0,159.0,525.0,587.0,671.0,407.0,595.0,374.0,403.0,362.0,199.0,462.0,388.0,144.0,85.0,204.0,174.0,66.0,1080.0,1117.0,381.0,421.0,64.0,100.0,402.0,353.0,415.0,338.0,450.0,351.0,312.0,305.0,181.0,302.0,354.0,144.0,204.0,437.0,325.0,275.0,240.0,268.0,299.0,280.0,267.0,212.0,226.0,276.0,256.0,446.0,529.0,453.0,324.0,542.0,469.0,370.0,560.0,210.0,642.0,515.0,333.0,623.0,169.0,353.0,382.0,402.0,617.0,559.0,309.0,449.0,258.0,281.0,396.0,396.0,402.0,443.0,406.0,401.0,183.0,525.0,289.0,263.0,573.0,401.0,254.0,127.0,0.0,514.0,318.0,504.0,350.0,426.0,427.0,394.0,462.0
Épinal,248.0,276.0,355.0,596.0,522.0,746.0,492.0,230.0,798.0,202.0,753.0,590.0,601.0,503.0,535.0,599.0,704.0,403.0,491.0,1155.0,1215.0,158.0,680.0,450.0,571.0,112.0,461.0,464.0,430.0,788.0,596.0,736.0,786.0,695.0,693.0,652.0,475.0,510.0,406.0,189.0,789.0,442.0,376.0,436.0,647.0,394.0,667.0,697.0,524.0,587.0,558.0,196.0,101.0,583.0,63.0,136.0,737.0,93.0,329.0,382.0,388.0,561.0,362.0,388.0,911.0,863.0,793.0,132.0,108.0,313.0,65.0,256.0,517.0,365.0,317.0,338.0,448.0,284.0,358.0,648.0,366.0,680.0,701.0,712.0,546.0,719.0,584.0,514.0,0.0,261.0,79.0,311.0,352.0,318.0,312.0,391.0
Auxerre,207.0,219.0,159.0,511.0,437.0,661.0,412.0,277.0,602.0,85.0,557.0,394.0,553.0,390.0,339.0,403.0,451.0,135.0,295.0,1070.0,1130.0,103.0,484.0,254.0,375.0,176.0,376.0,282.0,178.0,557.0,543.0,540.0,590.0,499.0,497.0,417.0,207.0,242.0,321.0,148.0,593.0,155.0,291.0,304.0,379.0,107.0,471.0,501.0,392.0,319.0,445.0,211.0,175.0,331.0,224.0,151.0,469.0,242.0,108.0,324.0,262.0,379.0,305.0,192.0,715.0,667.0,597.0,341.0,306.0,193.0,196.0,136.0,265.0,280.0,276.0,149.0,335.0,88.0,166.0,395.0,292.0,484.0,505.0,664.0,498.0,402.0,331.0,318.0,261.0,0.0,251.0,115.0,196.0,166.0,133.0,209.0
Belfort,238.0,355.0,345.0,586.0,512.0,736.0,482.0,309.0,788.0,281.0,743.0,580.0,591.0,582.0,525.0,589.0,694.0,393.0,481.0,1145.0,1205.0,148.0,759.0,440.0,561.0,102.0,451.0,543.0,429.0,815.0,586.0,726.0,776.0,685.0,683.0,675.0,465.0,500.0,396.0,179.0,779.0,486.0,366.0,426.0,637.0,358.0,657.0,687.0,514.0,577.0,637.0,275.0,152.0,645.0,142.0,215.0,727.0,172.0,319.0,461.0,467.0,640.0,441.0,378.0,901.0,853.0,783.0,113.0,55.0,303.0,55.0,246.0,577.0,355.0,307.0,417.0,527.0,339.0,417.0,638.0,445.0,670.0,691.0,702.0,536.0,709.0,574.0,504.0,79.0,251.0,0.0,366.0,431.0,397.0,391.0,470.0
Évry-Courcouronnes,322.0,158.0,274.0,626.0,552.0,776.0,527.0,260.0,717.0,109.0,672.0,509.0,668.0,293.0,454.0,345.0,377.0,176.0,410.0,1185.0,1245.0,218.0,409.0,286.0,450.0,291.0,491.0,185.0,123.0,482.0,658.0,655.0,655.0,441.0,612.0,342.0,227.0,180.0,436.0,263.0,535.0,131.0,406.0,419.0,336.0,83.0,586.0,576.0,507.0,276.0,348.0,152.0,256.0,276.0,248.0,175.0,427.0,266.0,223.0,263.0,165.0,282.0,244.0,307.0,613.0,732.0,712.0,365.0,419.0,308.0,311.0,251.0,210.0,395.0,391.0,52.0,238.0,27.0,51.0,321.0,195.0,599.0,620.0,779.0,613.0,359.0,257.0,350.0,311.0,115.0,366.0,0.0,76.0,77.0,44.0,112.0
Nanterre,403.0,131.0,355.0,707.0,633.0,857.0,608.0,233.0,798.0,190.0,753.0,590.0,749.0,216.0,535.0,421.0,415.0,252.0,491.0,1266.0,1326.0,299.0,393.0,362.0,526.0,372.0,572.0,108.0,97.0,501.0,739.0,736.0,786.0,517.0,693.0,365.0,303.0,256.0,517.0,344.0,611.0,207.0,487.0,500.0,310.0,159.0,667.0,652.0,588.0,250.0,271.0,156.0,297.0,286.0,289.0,216.0,450.0,307.0,304.0,236.0,88.0,205.0,190.0,388.0,689.0,863.0,793.0,406.0,460.0,389.0,394.0,332.0,184.0,476.0,472.0,47.0,161.0,108.0,25.0,372.0,118.0,680.0,701.0,860.0,694.0,333.0,333.0,426.0,352.0,196.0,431.0,76.0,0.0,34.0,67.0,35.0
Bobigny,373.0,97.0,325.0,677.0,603.0,827.0,578.0,199.0,768.0,160.0,723.0,560.0,719.0,250.0,505.0,422.0,454.0,253.0,461.0,1236.0,1296.0,269.0,427.0,363.0,527.0,342.0,542.0,142.0,131.0,535.0,709.0,706.0,756.0,518.0,663.0,399.0,304.0,257.0,487.0,314.0,612.0,208.0,457.0,470.0,344.0,160.0,637.0,653.0,558.0,284.0,305.0,122.0,263.0,320.0,255.0,182.0,484.0,273.0,274.0,202.0,122.0,239.0,183.0,358.0,690.0,833.0,763.0,372.0,426.0,359.0,360.0,302.0,218.0,446.0,442.0,38.0,195.0,78.0,59.0,398.0,152.0,650.0,671.0,830.0,664.0,367.0,334.0,427.0,318.0,166.0,397.0,77.0,34.0,0.0,33.0,69.0
Créteil,340.0,130.0,292.0,644.0,570.0,794.0,545.0,232.0,735.0,127.0,690.0,527.0,686.0,267.0,472.0,389.0,421.0,220.0,428.0,1203.0,1263.0,236.0,444.0,330.0,494.0,309.0,509.0,159.0,118.0,477.0,676.0,673.0,723.0,485.0,630.0,337.0,271.0,224.0,454.0,281.0,579.0,175.0,424.0,437.0,331.0,127.0,604.0,620.0,525.0,271.0,322.0,116.0,257.0,271.0,249.0,176.0,422.0,267.0,241.0,235.0,139.0,256.0,216.0,325.0,657.0,800.0,730.0,366.0,420.0,326.0,329.0,269.0,205.0,413.0,409.0,26.0,212.0,45.0,46.0,365.0,169.0,617.0,638.0,797.0,631.0,354.0,301.0,394.0,312.0,133.0,391.0,44.0,67.0,33.0,0.0,86.0
Cergy,416.0,115.0,368.0,720.0,646.0,870.0,621.0,217.0,811.0,203.0,766.0,603.0,762.0,181.0,548.0,464.0,453.0,288.0,504.0,1279.0,1339.0,312.0,358.0,398.0,551.0,385.0,585.0,73.0,122.0,466.0,752.0,749.0,799.0,560.0,706.0,330.0,339.0,299.0,530.0,357.0,654.0,243.0,500.0,513.0,348.0,195.0,680.0,650.0,601.0,288.0,236.0,195.0,336.0,251.0,328.0,255.0,415.0,354.0,317.0,203.0,53.0,170.0,155.0,401.0,732.0,876.0,806.0,445.0,499.0,402.0,433.0,345.0,222.0,489.0,485.0,60.0,126.0,121.0,50.0,410.0,83.0,693.0,714.0,873.0,707.0,371.0,376.0,462.0,391.0,209.0,470.0,112.0,35.0,69.0,86.0,0.0
