corrida,dimension,posicion_inicial,posicion_final,valor_final,iteraciones,evaluaciones
1,2,"[1.4544040566199063, -4.2584067584507]","[0.9949600079204823, -3.9797839817002285]",16.914202849930042,30,32
2,2,"[-3.464921967671155, 4.081194890517291]","[-2.9848571871187692, 3.9797838911963828]",24.873845034384892,30,32
3,2,"[1.0898335709142009, -5.025822191445712]","[0.9949595310689988, -4.974691929297845]",25.868681991850586,23,25
4,2,"[-4.080931401051831, 1.6742581156664915]","[-3.9797839984717798, 1.9899112376762413]",19.899074983215804,27,29
5,2,"[-5.06816938141472, -3.4733255534848135]","[-4.974691409439975, -2.984856870394078]",33.82832417629936,31,33
6,2,"[0.4990340031138416, 1.9650068243731793]","[1.5107143771322493e-06, 1.9899122335879582]",3.9798311910068698,38,40
7,2,"[1.5560832973066292, -2.823482271123868]","[1.9899112669826415, -2.9848556648882454]",12.934432432226396,31,33
8,2,"[2.1727152265987675, -2.690569344032767]","[1.9899124988840855, -2.98485479938117]",12.934432432215585,27,29
9,2,"[-1.7879070908490986, 2.5240719884085676]","[-1.989912227402567, 2.984854455261573]",12.934432432347615,35,37
10,2,"[1.5322408862434784, 3.5760477234603814]","[1.9899112343488605, 3.9797835681435427]",19.899074983230157,33,35
11,2,"[1.613956017155516, 0.6994800981552292]","[1.9899109585299533, 0.994958192277177]",4.974790248008668,28,30
12,2,"[-4.1607703774403335, -1.3545901766714006]","[-3.979784133483181, -0.9949598235813005]",16.914202849848394,27,29
13,2,"[-2.4043277549391315, -2.6215460517981843]","[-1.9899130127235551, -2.9848549382471323]",12.934432432276171,29,31
14,2,"[4.8436280806650425, -1.0946792994123733]","[4.974690305415704, -0.9949592074873463]",25.86868199193073,24,26
15,2,"[4.01455672501364, 1.342859530211972]","[3.97978390699818, 0.9949596862715846]",16.914202849773297,27,29
16,2,"[3.018867748266479, 0.027003833397166943]","[2.9848565813623322, 6.660355202407718e-07]",8.954601241728074,21,23
17,2,"[0.7874957785739172, -0.07661881529483328]","[0.9949576792037128, -2.591069778427443e-07]",0.994959057288769,25,27
18,2,"[-3.1207118049480247, 2.277909660277815]","[-2.9848560056913964, 1.989913207324604]",12.934432432247117,26,28
19,2,"[-2.2448910086056366, -4.871004503741913]","[-1.9899134831468233, -4.974690904176835]",28.853554125451815,25,27
20,2,"[1.4896363100893986, -3.3063866428718187]","[0.9949595896437948, -2.9848557234615987]",9.949560298760108,34,36
21,2,"[4.510295903773842, 4.648228628506495]","[3.9797849853995664, 4.974691357123826]",40.7929667272531,35,37
22,2,"[4.248211355857394, -1.3295749093842493]","[3.9797843665203376, -0.9949595571457895]",16.914202849772906,27,29
23,2,"[-4.961724246744398, 4.385982080898308]","[-4.974691379112926, 3.979784861469853]",40.79296672720105,28,30
24,2,"[-0.735394321230701, 4.778545347007177]","[-0.9949577474187581, 4.9746906384298955]",25.868681991903586,26,28
25,2,"[4.747468565393949, 3.614816823985767]","[4.974691164693387, 3.9797828992666058]",40.79296672719555,29,31
26,2,"[-2.1048433452074424, -1.1765992591162853]","[-1.989912906546621, -0.9949598401836589]",4.97479024802376,24,26
27,2,"[3.595639516332615, -1.874718667199717]","[3.979782492044933, -1.9899121750786746]",19.899074983384743,29,31
28,2,"[-3.3843942739344133, 0.5816449275735058]","[-2.9848562918611026, 0.9949574226239151]",9.949560298941984,29,31
29,2,"[4.466224887406397, 2.007345117951724]","[3.9797852797830333, 1.989912238397436]",19.89907498341217,30,32
30,2,"[0.7174263817150974, -4.124912703787331]","[0.9949575975751858, -3.9797842019252756]",16.9142028497923,26,28
31,2,"[1.177674001399498, 5.018151425067656]","[0.9949598504806867, 4.9746916696176]",25.868681991942413,24,26
32,2,"[-3.6855396839779937, 0.18769564020466412]","[-3.9797828266250193, 2.840861904710678e-07]",15.919243792687821,27,29
33,2,"[3.864300256542264, 2.4654706458030535]","[3.9797838350614585, 1.9899132546136158]",19.899074983222107,31,33
34,2,"[2.017441187791544, 2.073437020027999]","[1.989912651576651, 1.989913531871689]",7.959662381476418,22,24
35,2,"[-1.438810611509707, -2.113619514731588]","[-0.9949595605051038, -1.9899122692772344]",4.974790247816507,30,32
36,2,"[3.16785823209998, 3.1755611615148114]","[2.9848564357261207, 2.9848564791879664]",17.90920248320021,25,27
37,2,"[3.7588205422602625, 4.231583258178266]","[3.9797830224929016, 3.9797846028787935]",31.838487585169723,26,28
38,2,"[0.11614616433600311, 0.015526857596923627]","[1.1374710624774102e-06, 1.3888812798525552e-07]",2.6051516499592253e-10,23,25
39,2,"[3.0545426326197775, 1.5356306511643156]","[2.984855708261963, 1.989910876029772]",12.934432432406073,32,34
40,2,"[2.068140823118882, 3.0289169350256744]","[1.9899134446384372, 2.984856391236675]",12.934432432425513,22,24
41,2,"[3.99365470021188, -1.6589295938402735]","[3.979783879056513, -1.9899110566847693]",19.899074983289985,27,29
42,2,"[-1.2740305649669734, -4.157624936029501]","[-0.994959574126286, -3.9797843004790954]",16.91420284976686,26,28
43,2,"[0.8015886438008213, -4.7519511163213615]","[0.9949581225778914, -4.97469042701459]",25.868681991870126,26,28
44,2,"[-0.35227629432360796, 0.43668105940558455]","[-2.622185268140554e-07, 9.740107999845964e-07]",2.0185630944524746e-10,30,32
45,2,"[-2.185817578206368, 0.9301325882266704]","[-1.9899135637642897, 0.9949582715748579]",4.9747902480242185,24,26
46,2,"[-4.807677440624134, -4.7375545472080445]","[-4.974690817867493, -4.974690285995877]",49.74744586938794,26,28
47,2,"[3.3034297411549014, -1.431647831948668]","[2.984855971021153, -0.9949599499595392]",9.94956029893619,29,31
48,2,"[-3.8189003504447, 0.22777098296119647]","[-3.9797830596101913, 1.0745064636974737e-06]",15.919243792816758,25,27
49,2,"[2.7647339837297746, -2.909992678432326]","[2.98485446334059, -2.9848554185273692]",17.909202483292336,25,27
50,2,"[1.2583984723865624, -4.246041958463816]","[0.9949594638201438, -3.9797846823655165]",16.914202849823162,26,28
51,2,"[-4.5907791752334575, 0.3210714272578352]","[-4.974690290405895, 1.9011887829642796e-07]",24.87372293478665,30,32
52,2,"[0.41610364528749066, 1.4072821913416353]","[1.057328722614053e-06, 0.9949594881905937]",0.9949590574585301,29,31
53,2,"[2.315175257320054, 4.872725293696354]","[1.989913561384364, 4.974691100953702]",28.85355412546179,26,28
54,2,"[0.16691556660424034, -1.8129257170816415]","[6.581504797350752e-07, -1.9899114456138163]",3.9798311907629973,25,27
55,2,"[3.0227066344315263, -2.34667774707636]","[2.9848557490806193, -1.989913310231837]",12.934432432271013,27,29
56,2,"[-0.6249326519742864, -4.316606655055197]","[-0.9949576336977314, -3.9797843750522186]",16.914202849806838,28,30
57,2,"[-4.860408387425715, 4.737519766301953]","[-4.9746910560983135, 4.97469028562739]",49.74744586934573,26,28
58,2,"[3.4404364340449876, 2.0067758703994674]","[2.984857076413118, 1.989912241218419]",12.934432432414711,29,31
59,2,"[-0.9323218491978764, -3.3454661624745397]","[-0.9949585601145554, -2.984856769215149]",9.94956029880684,27,29
60,2,"[-3.518084683048079, -2.557512722794544]","[-3.9797826026771874, -2.984855700674523]",24.87384503425981,47,49
61,2,"[0.5040810465906738, 2.1974622484486384]","[0.9949574547906511, 1.9899122339837538]",4.9747902479248225,41,43
62,2,"[1.640421137589568, -2.2534768952735456]","[1.9899113477650772, -1.9899125275423324]",7.959662381280678,28,30
63,2,"[4.657820473991108, 2.43606442696467]","[4.974690802592639, 1.9899135674778121]",28.85355412551634,29,31
64,2,"[0.5565854977167426, 1.1440204414397668]","[0.9949573114253759, 0.9949586820372474]",1.9899181145357474,30,32
65,2,"[-0.8232953607394311, -2.5832346675081475]","[-0.9949585432870631, -2.984854174992887]",9.949560299042007,29,31
66,2,"[-1.4748397706110814, 2.6403441711551396]","[-0.994959684502036, 2.984855571165653]",9.949560298800941,32,34
67,2,"[-4.9726106764313, -3.931416161209178]","[-4.97469133009608, -3.9797824694130473]",40.79296672738521,21,23
68,2,"[-4.648932945697252, -4.702937064253746]","[-4.9746903041917365, -4.974690813865803]",49.747445869381025,28,30
69,2,"[3.6399163802727132, 2.085456480051443]","[3.9797827747438603, 1.9899123065853175]",19.89907498324859,28,30
70,2,"[-0.2644599901457898, -4.118178194933745]","[-8.711981158135679e-07, -3.97978418333145]",15.919243792632647,26,28
71,2,"[-0.08585343880363627, -0.2716490672070071]","[-1.7694025527687084e-07, -9.247525074824226e-07]",1.758699852416612e-10,26,28
72,2,"[-3.3464128521214445, -0.6773591118031561]","[-2.984856778956039, -0.9949577244211221]",9.949560298975156,27,29
73,2,"[-1.0393115197708962, 1.186305004054697]","[-0.994958879926996, 0.9949599357795533]",1.9899181145323759,24,26
74,2,"[1.3833589848846728, -4.656086939934264]","[0.9949596417249458, -4.974690401872306]",25.86868199202705,28,30
75,2,"[-1.2839668262249346, 1.288805536913781]","[-0.9949596537943887, 0.9949596957246958]",1.9899181146133227,26,28
76,2,"[0.03211528786009765, 3.6504559737684206]","[2.3066526923707225e-08, 3.9797829160601763]",15.919243792637104,28,30
77,2,"[1.625022787777997, -3.45155146668616]","[1.9899118376216893, -2.984856755542463]",12.934432432291775,30,32
78,2,"[-4.3973760266195985, 1.4583734088326716]","[-3.979784116009582, 0.9949595688295625]",16.91420284973963,31,33
79,2,"[-4.848524180053793, 0.8783419522402642]","[-4.974690360038396, 0.9949579288608533]",25.868681991943312,24,26
80,2,"[4.507957672191567, 0.7728555814490008]","[3.9797852958865967, 0.9949586261928695]",16.914202849960443,34,36
81,2,"[-1.1451399556452158, 1.4672713568496967]","[-0.9949586646940909, 0.9949599008519106]",1.989918114503137,31,33
82,2,"[-0.4274904013668701, 0.4671159225951733]","[-2.893575847156864e-07, 9.199491363653628e-07]",1.8451018490850402e-10,32,34
83,2,"[4.520599641871617, -1.1663089889200715]","[3.979785026633122, -0.9949586379944033]",16.914202849822537,40,42
84,2,"[4.722591373556882, 4.1507905736300925]","[4.974690112914418, 3.97978427861154]",40.79296672735815,26,28
85,2,"[-3.1150987797576044, -4.409740279038306]","[-2.984855807158895, -3.9797852070009907]",24.87384503430769,28,30
86,2,"[-4.0880332658951515, -4.9334085053281305]","[-3.979784959739295, -4.9746909245529505]",40.792966727284245,23,25
87,2,"[-4.152904081859293, 1.8739893597834945]","[-3.9797850160648727, 1.9899114987430928]",19.89907498338546,24,26
88,2,"[-4.391028239767255, -1.8536895457918843]","[-3.979784922133715, -1.9899121136757134]",19.899074983240368,28,30
89,2,"[3.5315231843272157, -4.881695378065143]","[3.979782864206888, -4.974691387944103]",40.79296672719903,35,37
90,2,"[3.2201572617107024, -2.2338071063203846]","[2.984856351810375, -1.9899129281279142]",12.934432432220216,26,28
91,2,"[-3.90999216515424, 2.0145885733289024]","[-3.9797826039274313, 1.9899126082497973]",19.89907498335404,22,24
92,2,"[1.3203747510260122, 3.8653134185170215]","[0.9949600347410699, 3.979783555904818]",16.9142028499601,26,28
93,2,"[2.40712748855179, 3.1076447271408503]","[1.989913577427826, 2.984855800179491]",12.93443243240054,28,30
94,2,"[-2.2319659768698217, -3.3030190716956387]","[-1.989912918640022, -2.9848569161208833]",12.934432432425577,26,28
95,2,"[2.5662950568023897, 3.1419877300967842]","[2.9848542825642994, 2.98485574978161]",17.909202483371878,30,32
96,2,"[5.0227726540868955, -0.8947949884269928]","[4.974691897423072, -0.9949576561635798]",25.868681991876798,23,25
97,2,"[-1.3105348014819005, 2.8304687179980474]","[-0.99495991495136, 2.9848552828150052]",9.949560298938362,26,28
98,2,"[-1.6301717478090971, 4.4109550141805025]","[-1.9899116225133686, 3.9797846906507033]",19.899074983225276,29,31
99,2,"[3.6701465788724414, -0.7271011596798118]","[3.9797826337160593, -0.9949580608907476]",16.914202849916876,27,29
100,2,"[2.5689197341849335, 2.6065190306271475]","[2.9848543842898474, 2.984855114131495]",17.909202483384483,30,32
101,2,"[-4.064011583120051, 4.122141764398763]","[-3.979784371191897, 3.979784768373649]",31.83848758513672,24,26
102,2,"[0.0537842938660571, 3.342924452943275]","[6.485430605790656e-08, 2.984856743695821]",8.954601241702552,27,29
103,2,"[-1.8426920854465356, 4.050157859801092]","[-1.9899112331936728, 3.9797842849084084]",19.899074983249303,24,26
104,2,"[-1.1345748097621695, -5.009022448841745]","[-0.9949600402727187, -4.9746917538905535]",25.86868199205144,23,25
105,2,"[4.151111438533261, -4.185224429709993]","[3.9797845517971377, -3.979784746026479]",31.838487585171563,25,27
106,2,"[-1.850228351074152, 4.608634542600243]","[-1.989912158766141, 4.974690144019283]",28.853554125402,29,31
107,2,"[4.614217184640574, 0.7520039743824496]","[4.974690264766244, 0.9949584675425974]",25.868681991889694,29,31
108,2,"[1.3500130526187446, -0.5279178549420056]","[0.9949586921681849, -0.9949577067669857]",1.9899181143590035,33,35
109,2,"[-2.1175216978118194, -1.7544750554120605]","[-1.9899126925776467, -1.98991093847445]",7.9596623814820315,25,27
110,2,"[1.7665889902288736, 2.584315181441843]","[1.989912078199379, 2.9848542110786904]",12.934432432484334,29,31
111,2,"[2.985769407752689, 2.9656897822162316]","[2.9848557662007345, 2.9848543171602437]",17.9092024833531,19,21
112,2,"[-4.186049504781411, -0.05713607984556557]","[-3.9797853294781507, -3.1468276310040916e-07]",15.919243792905974,24,26
113,2,"[-4.530598297429563, 0.5071757549950515]","[-4.974690798965234, 0.9949576379181577]",25.868681991902346,38,40
114,2,"[-0.598727665936619, 3.970090831444989]","[-0.9949571587025638, 3.9797838522340805]",16.91420284998856,28,30
115,2,"[-1.5266302714667144, -3.9212337517813163]","[-1.9899107487935745, -3.9797838560784076]",19.899074983452195,33,35
116,2,"[-3.655765175778961, 2.6778688687869154]","[-3.9797829771625466, 2.984855078078451]",24.873845034178686,28,30
117,2,"[1.2105529683585132, -4.084503796502628]","[0.9949595827154717, -3.979784250335217]",16.914202849761867,25,27
118,2,"[-4.258746305382426, 2.0579239061413883]","[-3.9797853445069586, 1.9899124641379626]",19.899074983459666,25,27
119,2,"[-4.374906814830658, 3.295847007133248]","[-3.979784745896422, 2.9848561207070183]",24.873845034137673,28,30
120,2,"[2.111920406082521, -4.286988486226947]","[1.989912496672168, -3.9797849685332474]",19.89907498327102,26,28
121,2,"[-4.2512618077676345, 4.983189283852037]","[-3.9797852671294036, 4.974691424591724]",40.792966727393484,25,27
122,2,"[-1.287467051457328, -1.324624414035037]","[-0.9949592689760942, -0.9949595148335884]",1.9899181144181917,27,29
123,2,"[3.2030675687168264, 4.579825432410714]","[2.9848557781305196, 4.974689939219399]",33.828324176443246,30,32
124,2,"[4.976650893546197, 2.5945926170515623]","[4.974691391963454, 2.9848544957593903]",33.828324176316144,29,31
125,2,"[-1.2671018441634225, -4.264952661005632]","[-0.9949595231541226, -3.9797848015858346]",16.91420284988468,26,28
126,2,"[2.837984419096953, 0.5980595172946437]","[2.9848555583782748, 0.994957142232408]",9.94956029902776,28,30
127,2,"[-0.7759666253109625, 4.161068903370096]","[-0.9949575843325805, 3.9797846048469467]",16.914202849883925,25,27
128,2,"[-3.9813377811850104, -0.07551893206160187]","[-3.979783886101776, -1.1622121961839324e-06]",15.919243792729638,22,24
129,2,"[-5.003738677581629, -0.3209150259801472]","[-4.974691460134692, -1.433774493723931e-06]",24.873722934950997,26,28
130,2,"[-4.543454457017986, -3.9033045374149435]","[-4.974690431860416, -3.979783856858457]",40.792966727183945,34,36
131,2,"[-3.9165312330024458, 1.5279134936684908]","[-3.979783855706747, 1.9899108900656428]",19.89907498337308,33,35
132,2,"[2.5194995636779343, 0.8536961545949149]","[2.984854698659535, 0.9949586363845884]",9.949560298778744,37,39
133,2,"[4.73264689637931, -1.2813252656772702]","[4.974690232532103, -0.9949596318027804]",25.86868199209436,26,28
134,2,"[-2.1943082364737463, 3.774455072660074]","[-1.9899130901518556, 3.979782660325584]",19.899074983444233,25,27
135,2,"[-2.830378613560805, 4.74339880387186]","[-2.9848552824650385, 4.9746903459225384]",33.82832417627776,26,28
136,2,"[-4.995538179176281, 4.811559185486224]","[-4.974691525768233, 4.974689898002017]",49.74744586952463,24,26
137,2,"[-4.6780425016261, 4.005305484268248]","[-4.974690145402531, 3.9797838946536683]",40.79296672730788,27,29
138,2,"[0.28365935704371026, 5.047959512261635]","[1.0236404178599794e-06, 4.97469156452026]",24.873722934756014,26,28
139,2,"[-4.364323177109516, 0.5514678722695248]","[-3.9797840372026254, 0.9949577045083143]",16.91420284973365,31,33
140,2,"[4.805657964739573, 0.23652192430232422]","[4.974690430507694, 1.152009196991858e-06]",24.873722934986205,25,27
141,2,"[1.3250420545050883, 2.00446657520248]","[0.994960097086882, 1.9899122631297548]",4.974790248069905,26,28
142,2,"[-0.4654994967780022, 1.3061947400608096]","[-1.4243312875716136e-06, 0.9949587359644505]",0.9949590574976899,31,33
143,2,"[0.863378554092546, 4.107858027427727]","[0.9949578147231657, 3.979784663787851]",16.914202849816164,24,26
144,2,"[-4.654629065303472, -2.2429369385755615]","[-4.974690383039836, -1.9899125050078905]",28.853554125309884,28,30
145,2,"[4.612213596943962, 3.996301147042984]","[4.974690223611686, 3.9797838685036044]",40.792966727270695,29,31
146,2,"[-0.4540748514742994, 1.230157801487736]","[-9.429034023570026e-07, 0.9949586906912374]",0.9949590572702327,31,33
147,2,"[-2.2796166862732012, -3.193639324428684]","[-1.9899132206298902, -2.984856238505274]",12.934432432290999,26,28
148,2,"[-0.3717283334145831, -1.5016731850132192]","[-9.575905087537393e-09, -0.9949597647177405]",0.9949590573451967,37,39
149,2,"[0.8566385853529299, -4.323997317478556]","[0.9949583182265616, -3.9797853492202706]",16.914202850011343,26,28
150,2,"[4.857802830501545, 4.978798023471133]","[4.974689858686635, 4.974691435060283]",49.74744586954475,23,25
151,2,"[2.0291759515621903, 0.3696267913637925]","[1.9899122816911572, 1.4627133541359142e-06]",3.9798311909790076,27,29
152,2,"[-1.9504372092280038, 3.2132610017991547]","[-1.9899120979883431, 2.9848567246038438]",12.934432432251661,25,27
153,2,"[1.891647206951724, -3.454802541108313]","[1.9899122044222193, -2.984856839581702]",12.934432432297282,30,32
154,2,"[4.207894369216947, 3.3027813675332505]","[3.9797844898517214, 2.9848569137622367]",24.873845034317007,26,28
155,2,"[4.6059511121093015, 2.311367765896806]","[4.974690078629864, 1.9899125167012994]",28.853554125449516,29,31
156,2,"[1.1613716063824882, -0.837191308384063]","[0.9949597013060086, -0.9949575915111358]",1.9899181146279386,24,26
157,2,"[4.431139669545096, 3.748494228484181]","[3.979784986835846, 3.9797836550778496]",31.838487585181113,29,31
158,2,"[-4.656960818112621, -4.85000218114814]","[-4.974690412915953, -4.974691252054686]",49.747445869275595,28,30
159,2,"[-1.265015123168772, 3.1800661072059695]","[-0.9949595084727997, 2.9848561877551236]",9.94956029877746,26,28
160,2,"[4.989707564185031, -3.5797310350998712]","[4.974691395828807, -3.979782670053481]",40.79296672728257,30,32
161,2,"[0.963898525205864, -1.21967762809834]","[0.9949585346984072, -0.994959651339326]",1.9899181143924416,25,27
162,2,"[4.811923433621536, 3.503297772909657]","[4.974691380592189, 2.9848571163857764]",33.828324176424886,34,36
163,2,"[3.4644859362420517, -0.3205820436995044]","[2.984857168686521, -1.8922641519202337e-07]",8.954601241919525,30,32
164,2,"[-0.8722482960623088, -2.320311583429568]","[-0.9949583630233261, -1.9899136232834467]",4.9747902480446475,26,28
165,2,"[-4.542714914294507, 3.734757132851745]","[-4.974690376402494, 3.9797838411960913]",40.79296672720545,34,36
166,2,"[3.2041063334919935, 5.117108974449978]","[2.9848566592826713, 4.974691970177251]",33.828324176276325,25,27
167,2,"[5.085561211636791, 0.5676206653709048]","[4.974691427404499, 0.9949576433309505]",25.868681991831824,30,32
168,2,"[2.7544311314484275, 4.554401073996064]","[2.984855660842208, 4.974690045882995]",33.82832417638396,32,34
169,2,"[3.5803892805366937, -2.587155438149656]","[3.9797826896334585, -2.9848548532221115]",24.87384503436022,30,32
170,2,"[-0.5064280544246422, -3.7974075888486913]","[-0.9949573297920364, -3.979783858838022]",16.914202849894004,38,40
171,2,"[4.649482519129317, 1.0872282567770117]","[4.974690312187249, 0.9949587069600011]",25.86868199186442,28,30
172,2,"[-2.778697671644542, 1.7582150083159727]","[-2.9848550381190964, 1.9899114759590293]",12.934432432241579,26,28
173,2,"[1.2096331822888535, -1.4524137673437134]","[0.9949587127222649, -0.9949599328480997]",1.9899181145203428,30,32
174,2,"[-3.957170255875799, 1.7569095228702682]","[-3.9797837749369216, 1.9899109651305251]",19.899074983335684,25,27
175,2,"[0.2079508572548434, 2.788540331372947]","[9.18138010151741e-07, 2.9848546954320594]",8.954601241853974,25,27
176,2,"[0.20647425138681186, 3.6063385632618514]","[1.2014367966882777e-07, 3.9797827464916993]",15.919243792708544,29,31
177,2,"[0.531526029050732, 0.6240048285223558]","[0.9949573790837212, 0.9949585028927993]",1.9899181145042775,32,34
178,2,"[3.8569328912214536, -0.9883354499850547]","[3.9797823655102778, -0.9949585779735769]",16.914202849995263,23,25
179,2,"[-3.747684060665439, -4.825265394551409]","[-3.9797829330924124, -4.974690907360477]",40.792966727218754,26,28
180,2,"[2.6126054980978584, 1.2319698058594781]","[2.9848542519844883, 0.9949588824534275]",9.949560299006889,28,30
181,2,"[2.08977682533605, -2.939246986148754]","[1.9899131852963432, -2.9848552487522033]",12.93443243226079,23,25
182,2,"[-3.7235560899914777, -4.971062623560889]","[-3.979782698751686, -4.974691382059293]",40.7929667272693,26,28
183,2,"[-1.529983397820447, 0.920757113391443]","[-1.989911075725582, 0.9949586331615424]",4.97479024791288,33,35
184,2,"[-1.1034209781787414, -0.6402567984770142]","[-0.9949587753300034, -0.9949572671971145]",1.9899181145627658,27,29
185,2,"[4.1385850316159845, -1.5538640176814047]","[3.979783891542286, -1.9899111943395842]",19.899074983229703,31,33
186,2,"[0.1432523689964622, 2.904606850469306]","[8.888212650949774e-07, 2.984855196210729]",8.954601241694077,24,26
187,2,"[-1.0594019090301936, 1.2501678103334246]","[-0.9949588525220958, 0.9949599209202524]",1.9899181145222826,25,27
188,2,"[3.7106043775666704, 4.603091186254255]","[3.979783566580946, 4.97469000282162]",40.792966727398195,29,31
189,2,"[-3.613967555286652, 4.368257281653702]","[-3.9797828854794424, 3.9797843610850623]",31.83848758515944,29,31
190,2,"[-0.08072915886552856, -2.4755774638186665]","[-1.3210779308508807e-08, -1.989913707043487]",3.979831190983915,31,33
191,2,"[-0.4184498561202039, 4.915533570923285]","[-1.10389898654525e-06, 4.974691356133692]",24.87372293478422,29,31
192,2,"[-0.07559071751301527, -1.7535835106559161]","[-2.5535735848727384e-07, -1.9899109285569658]",3.979831190904294,25,27
193,2,"[1.3660247482032721, -2.660908863711303]","[0.9949594506150169, -2.9848549484115963]",9.94956029882323,28,30
194,2,"[-4.343159520167282, -3.8002716476349523]","[-3.97978492844017, -3.979783510724208]",31.83848758517165,27,29
195,2,"[-3.8088106090724105, -3.564516418434106]","[-3.979783816583307, -3.9797827399666073]",31.838487585170462,31,33
196,2,"[-3.6984097520700403, 1.4425573867849177]","[-3.97978365893946, 0.9949596437224664]",16.914202849763505,30,32
197,2,"[-3.257547935752757, -1.5803670187636407]","[-2.9848558902315427, -1.9899108255343254]",12.934432432440786,29,31
198,2,"[4.063113317437561, -0.26663280370818754]","[3.979784166670341, -1.4704139387564395e-06]",15.91924379290895,25,27
199,2,"[1.7157912424553183, -3.3554445188953106]","[1.989911569463703, -2.984856878910052]",12.934432432402465,27,29
200,2,"[-3.1509604473992114, -4.701505369431256]","[-2.9848559373408388, -4.974690427819026]",33.82832417622197,27,29
201,2,"[-3.390104954141035, -2.2672349283127438]","[-2.984856747470453, -1.9899125603438483]",12.934432432278488,28,30
202,2,"[-3.3074126410061124, -4.211686054327751]","[-2.984856960863295, -3.9797845066969115]",24.87384503434424,26,28
203,2,"[-3.8846886799298477, -0.4016254153448884]","[-3.979783771150386, -1.373331969874624e-06]",15.919243792837273,28,30
204,2,"[-3.0071427235246846, -1.3898766228677073]","[-2.9848557181762145, -0.994959732024579]",9.949560298817847,28,30
205,2,"[0.03499285355373427, 1.9496430451647004]","[8.659826026739533e-07, 1.9899111927730249]",3.9798311909174027,21,23
206,2,"[-4.717443688027147, 3.0659624848285967]","[-4.974690045792987, 2.9848558734834305]",33.82832417638956,26,28
207,2,"[1.3096999883868952, -4.2827875128435515]","[0.994959402659026, -3.979784511360684]",16.914202849754293,27,29
208,2,"[3.8254451108533987, 4.309733381445768]","[3.97978340382962, 3.9797851839036045]",31.83848758530885,26,28
209,2,"[-4.494561691086195, -2.284772882972634]","[-3.979785346791382, -1.9899122836523198]",19.89907498345098,32,34
210,2,"[3.135501105080949, 2.542179229528662]","[2.984855717966275, 2.9848543940962595]",17.909202483311425,32,34
211,2,"[-3.230504761790696, -2.9762629290320866]","[-2.984856860012439, -2.984855670832496]",17.909202483239486,25,27
212,2,"[-1.3263656674162485, -0.15848463164394122]","[-0.9949595293949615, -2.2296894290774638e-07]",0.9949590572608376,27,29
213,2,"[1.2109288604702302, -1.3423243308055306]","[0.9949589827533455, -0.9949596805750506]",1.9899181144258797,27,29
214,2,"[-0.3836445067965659, 2.5341024064896667]","[-8.442355572148021e-08, 2.9848544086293756]",8.954601241818313,33,35
215,2,"[-4.744364002400277, -2.5350456899172276]","[-4.974691359021172, -2.984854491317726]",33.82832417631846,33,35
216,2,"[2.184699759457817, 4.046918017916922]","[1.9899135525499752, 3.979784265009357]",19.899074983392236,24,26
217,2,"[0.11957700726442155, 0.328842089116832]","[1.5592197318852216e-07, 9.345229502682337e-07]",1.780851022203933e-10,27,29
218,2,"[-4.022558603880693, -0.5384973637278243]","[-3.9797838680596875, -0.9949571388710823]",16.914202850000272,31,33
219,2,"[0.3340008084994368, -2.637102042780368]","[5.936828853921495e-07, -2.984854689186701]",8.954601241759143,28,30
220,2,"[-2.362949315078339, -1.2566101698086642]","[-1.9899135089984559, -0.9949591291755592]",4.9747902480173,27,29
221,2,"[-4.914470934756082, -1.8219093444282546]","[-4.974690964925808, -1.9899110272313891]",28.85355412542006,24,26
222,2,"[-2.954772408355383, -1.7664271136981542]","[-2.9848555935488132, -1.9899110637264383]",12.93443243231441,25,27
223,2,"[-3.8936357701708677, 3.998999354776525]","[-3.979782892385747, 3.979784052013679]",31.838487585114674,23,25
224,2,"[0.9583867243934581, 1.8340077480395731]","[0.9949584360637145, 1.9899111504724574]",4.974790247887766,24,26
225,2,"[2.961113483339145, -0.015951882966453113]","[2.9848546601374344, -6.501516621955974e-07]",8.954601241784859,20,22
226,2,"[-4.229936249984782, 0.3799709882219293]","[-3.9797841302319727, 1.0064387832733752e-06]",15.919243792676827,28,30
227,2,"[0.8892530485338019, 2.513300215647539]","[0.9949586376265104, 2.9848543743667135]",9.949560298927913,44,46
228,2,"[-0.699806246608083, -3.813577699373427]","[-0.994957418148628, -3.9797833500823185]",16.914202849900953,26,28
229,2,"[-2.2141347246210614, -1.4020372848779767]","[-1.9899124525222094, -0.9949599385109268]",4.974790247992416,28,30
230,2,"[1.4941925512355967, 0.7247698398096576]","[0.9949601232161651, 0.994958620509877]",1.9899181146242544,34,36
231,2,"[-1.4735695268060547, 4.981916147640113]","[-0.9949596254768972, 4.974691391777732]",25.868681991829007,32,34
232,2,"[1.0831341502145246, -2.6907976526234165]","[0.9949588187648406, -2.984854214165465]",9.949560299023437,26,28
233,2,"[-4.077747480367066, -3.5547224147524403]","[-3.9797838712496274, -3.9797828825636157]",31.838487585111224,32,34
234,2,"[-2.601392861342637, -3.47462273782215]","[-2.9848553125174253, -2.9848569241214387]",17.909202483299282,31,33
235,2,"[-3.209553673714629, -2.200625472575006]","[-2.984856697647562, -1.989913131630664]",12.934432432396896,25,27
236,2,"[-3.3446543841817107, 4.062877948174594]","[-2.9848567609655854, 3.9797839726275175]",24.87384503417291,27,29
237,2,"[-4.298406444424784, 0.2509966291994079]","[-3.9797850702215265, 7.805372729441418e-07]",15.919243792870502,26,28
238,2,"[-0.9175364916258664, 4.939557037144129]","[-0.9949574195227128, 4.974690743758489]",25.868681992011794,22,24
239,2,"[-3.972721641799144, -1.0459586657716056]","[-3.9797836657662207, -0.9949599096905121]",16.91420284988313,21,23
240,2,"[4.807377236739778, 3.7427929691543573]","[4.974690816232093, 3.979782890463083]",40.792966727253564,26,28
241,2,"[3.246818006520626, -2.4790750510598163]","[2.984855739752018, -1.9899132682508145]",12.934432432253308,32,34
242,2,"[-3.370111105125726, 1.7269065720261736]","[-2.984857073692984, 1.9899116328844804]",12.934432432484698,27,29
243,2,"[4.396810128666478, 0.5812520244626409]","[3.979784550845412, 0.9949574130979101]",16.914202849946015,29,31
244,2,"[0.7333139401717741, -2.2530140809186903]","[0.9949577314908703, -1.9899130362825717]",4.9747902479377375,26,28
245,2,"[2.759607635885434, -3.204672014770961]","[2.9848549178276764, -2.9848562831482552]",17.909202483162098,26,28
246,2,"[-1.8055246192205447, -0.7635308685678925]","[-1.9899113937582502, -0.9949574711800466]",4.974790248056879,25,27
247,2,"[0.07793027772881977, -2.6377243400695782]","[5.792538565298995e-08, -2.984854697552361]",8.954601241686555,28,30
248,2,"[-3.944070914670556, 1.1327492346023176]","[-3.9797834885503836, 0.9949600174977096]",16.914202849959565,23,25
249,2,"[-2.164423134819781, 0.8318793873675494]","[-1.9899129151589674, 0.9949579764467941]",4.974790247826016,25,27
250,2,"[-3.5393257955921684, -0.19312535700666889]","[-3.9797825010984496, -1.429834931568586e-08]",15.919243792825146,33,35
251,2,"[0.333715789328239, -4.589326982938348]","[2.1539920908515402e-07, -4.974690252143255]",24.873722934805468,30,32
252,2,"[-1.6731721912942534, -3.7435937081449038]","[-1.9899112262092804, -3.9797832765187247]",19.899074983283665,27,29
253,2,"[-4.471040302358858, 5.01719277967304]","[-3.979784844710996, 4.974691399287612]",40.79296672719449,31,33
254,2,"[-1.819096627458837, 3.1731143255514604]","[-1.989911486795167, 2.9848564651727987]",12.934432432266874,25,27
255,2,"[-2.5124796952190582, 1.8585878755730354]","[-1.98991368189863, 1.9899122336954465]",7.959662381523424,46,48
256,2,"[2.6647332852703904, 0.9793407038243256]","[2.984854510563733, 0.9949586189425982]",9.949560298860277,27,29
257,2,"[-0.29105982924637797, -0.9027490391319706]","[-1.0913213277964528e-06, -0.9949584414842606]",0.9949590573372014,26,28
258,2,"[-1.547588950599728, 4.398378437097736]","[-1.9899109321372597, 3.979784119219238]",19.899074983364237,31,33
259,2,"[3.3855427357463457, 4.761875565225089]","[2.984856691055138, 4.974691065958907]",33.8283241762435,28,30
260,2,"[-3.847196431508022, 2.3640829460853174]","[-3.9797836366812556, 1.9899135248581907]",19.899074983355533,27,29
261,2,"[4.488606277847427, -3.26417340246364]","[3.9797849749502676, -2.9848557450561146]",24.87384503419344,32,34
262,2,"[-4.4390782221641985, 2.469075448730205]","[-3.9797843358299283, 1.9899133859644995]",19.899074983323,31,33
263,2,"[0.7626046789622976, 3.5003266740047065]","[0.9949586251864321, 2.98485676827499]",9.949560298805283,34,36
264,2,"[-3.6887308633467955, 3.0235372734452755]","[-3.97978286128798, 2.984855750135869]",24.87384503414544,27,29
265,2,"[-3.055336242711096, -3.444163145055186]","[-2.9848557340376782, -2.9848571842648886]",17.909202483408727,29,31
266,2,"[-3.437918229186632, 3.2212451351693536]","[-2.984857010594963, 2.984855846283985]",17.90920248331689,29,31
267,2,"[1.6916195399290892, 0.236189949635782]","[1.9899113987100647, 4.180721425441355e-07]",3.9798311907268076,27,29
268,2,"[-1.4455758425753347, 3.862533537926228]","[-0.9949597200722066, 3.9797838178656795]",16.9142028497875,30,32
269,2,"[-1.1013620999922136, 3.24197826018895]","[-0.9949590076023668, 2.9848569605724906]",9.94956029892076,25,27
270,2,"[-0.6232585362409635, -1.2600890426889464]","[-0.9949576109251278, -0.9949589425242531]",1.9899181144140474,28,30
271,2,"[-0.38215899474323045, -2.033890568559185]","[-1.0361260847621792e-06, -1.9899122662063229]",3.979831190767282,28,30
272,2,"[2.535520053004811, 0.027856794546986308]","[2.984854529660558, 1.5951940283425519e-09]",8.954601241758006,33,35
273,2,"[-2.7421420016965907, 4.091643630331581]","[-2.9848547868112765, 3.9797841143841794]",24.873845034126326,26,28
274,2,"[-1.188953893138315, 0.4459812978072435]","[-0.9949587016257623, 1.2323427933926067e-06]",0.9949590573953948,30,32
275,2,"[4.1622744162769605, 1.2721970781592793]","[3.97978431579856, 0.9949595602932598]",16.914202849764457,26,28
276,2,"[-3.922964063146352, 4.503880945801986]","[-3.979783857822296, 3.979784858010232]",31.83848758511897,34,36
277,2,"[1.3077304634513185, -1.690566505911438]","[0.994959389362195, -1.9899113900056908]",4.974790247900369,27,29
278,2,"[-3.6938539759269142, 3.01081793812783]","[-3.97978291370896, 2.9848557340153317]",24.8738450341251,27,29
279,2,"[1.2295450207079783, 0.34264158183753235]","[0.9949590358362161, 1.0763203220113877e-06]",0.9949590573545635,27,29
280,2,"[4.033460050441806, 2.9552354429391956]","[3.9797847384228464, 2.9848552233091636]",24.873845034145372,22,24
281,2,"[-3.566849231536628, -1.927966025773586]","[-3.979782821629675, -1.989912223125925]",19.899074983227955,31,33
282,2,"[-2.575471208299871, 2.498010035944212]","[-2.9848555525141878, 1.989913562496519]",12.934432432395052,34,36
283,2,"[-4.776627868305619, 0.7156703730822809]","[-4.974690624930487, 0.9949575812944796]",25.868681991971734,26,28
284,2,"[2.6875769419846716, 3.858080120440314]","[2.984854771275317, 3.9797836606329446]",24.87384503412712,27,29
285,2,"[-1.6170828931491075, 3.2896747998414115]","[-1.9899110169498142, 2.9848561006078578]",12.934432432365764,28,30
286,2,"[-3.9871310135786784, 3.547671467361467]","[-3.979783861118069, 3.9797825050593687]",31.838487585284522,32,34
287,2,"[-3.8145160977205004, -1.0517781446618395]","[-3.979782484797409, -0.9949589500467608]",16.914202849946523,24,26
288,2,"[3.044304545582629, -3.5848455439485565]","[2.984855717807668, -3.979782809602585]",24.873845034165868,30,32
289,2,"[-2.7724657128177514, 2.2758663003449984]","[-2.9848550011160833, 1.9899131916943973]",12.934432432319559,26,28
290,2,"[2.2531741342318012, 1.445351760745444]","[1.9899123406599772, 0.9949597140833647]",4.974790247879408,30,32
291,2,"[1.9860320713431046, 0.43749829987938504]","[1.9899122326596335, 9.930264974862125e-07]",3.9798311907497226,30,32
292,2,"[-2.541577636792804, -1.580073026519865]","[-2.98485435202656, -1.9899119214276546]",12.934432432419822,32,34
293,2,"[-3.260439379953401, 4.182533748056355]","[-2.9848565739412027, 3.979784387269266]",24.873845034153682,26,28
294,2,"[0.8539319784050736, -1.0152814923403275]","[0.9949571466789432, -0.9949588204209174]",1.9899181146340155,23,25
295,2,"[-0.38906057068408106, 4.580181397624989]","[-4.1453087676539575e-07, 4.974689953331449]",24.873722934981167,30,32
296,2,"[-3.549681632091339, 0.8829934798520034]","[-3.9797826343038136, 0.9949586257890954]",16.91420284985066,32,34
297,2,"[0.06030007177693175, 1.1412913708507935]","[3.3294893926644373e-07, 0.9949595356497111]",0.994959057275187,24,26
298,2,"[-4.934551717674593, 3.8105488275881116]","[-4.97469111556059, 3.979782433362273]",40.79296672741933,24,26
299,2,"[4.424891212632191, 0.6669637999534999]","[3.9797848788752583, 0.994958267764324]",16.914202849786136,29,31
300,2,"[2.013704436499377, 4.326393663255508]","[1.9899122817732378, 3.979785379824541]",19.899074983470484,26,28
301,2,"[2.122123615369202, -3.558000200557964]","[1.9899122569479246, -3.979782446446258]",19.899074983409132,31,33
302,2,"[0.7811928081081669, 1.0927620749604445]","[0.994957628442722, 0.9949589741239993]",1.9899181144109956,25,27
303,2,"[-0.7769019258635668, 2.421188972797162]","[-0.9949584990738568, 1.9899132477304209]",4.974790247854775,29,31
304,2,"[4.447918231234712, 4.357821572165389]","[3.979784789268998, 3.979784133794056]",31.838487585107625,30,32
305,2,"[-0.5034048368216872, -3.9604424105906664]","[-0.9949575934317443, -3.9797838602918074]",16.914202849771037,43,45
306,2,"[4.964773877374307, 3.4703164052063658]","[4.974691388873831, 2.9848567597669593]",33.82832417625062,31,33
307,2,"[-3.8434541444785477, 4.309420878001892]","[-3.9797834773244665, 3.9797851805749205]",31.838487585294985,26,28
308,2,"[3.787738747516193, 0.19290170497097847]","[3.9797827954702134, 8.141862899097459e-07]",15.919243792816191,25,27
309,2,"[0.9346604620280754, -1.034212312369866]","[0.9949577067783397, -0.9949592253398861]",1.9899181144268958,22,24
310,2,"[-4.559240818462399, -1.6875802455459747]","[-4.974690312062094, -1.9899121638419117]",28.85355412532528,32,34
311,2,"[3.101219313643637, -5.072568084432866]","[2.9848563972544864, -4.974692022962921]",33.82832417620323,24,26
312,2,"[-1.7049684818826836, -1.0427525776287405]","[-1.989911017823581, -0.9949587328609537]",4.974790247941888,26,28
313,2,"[0.3829309740843305, 4.299321512066668]","[1.0469244008085144e-06, 3.9797843084001636]",15.919243792718499,28,30
314,2,"[-1.5734170176925568, -1.5671992125826284]","[-1.989911632518769, -1.9899115319071337]",7.959662381277255,31,33
315,2,"[2.4320127806438236, -0.4892882852883744]","[1.9899123327497341, -1.5031627492528719e-06]",3.979831191004296,34,36
316,2,"[-2.820046613094585, -0.4870193548012196]","[-2.9848556927797034, -1.181095395296718e-06]",8.95460124176378,34,36
317,2,"[-3.677624111310849, -3.3137972581762734]","[-3.979782733180942, -2.9848565050668068]",24.873845034326237,27,29
318,2,"[-0.016714007147727195, -0.8302033970734293]","[-9.020849189373301e-08, -0.9949575258719648]",0.9949590573400062,24,26
319,2,"[4.2480220269373445, -1.4090864730456771]","[3.979784166858426, -0.9949600879518254]",16.914202849990403,28,30
320,2,"[0.8252247068471652, 1.3543863082959913]","[0.9949583827134812, 0.99495982097273]",1.9899181144771294,27,29
321,2,"[-4.985912764535463, 1.674622689451117]","[-4.974691407323433, 1.9899112414847684]",28.853554125291303,27,29
322,2,"[-3.2969116992537453, 4.721360050887221]","[-2.9848564006563265, 4.974690604101643]",33.82832417624718,27,29
323,2,"[-3.5976936678081235, -0.8742489730352769]","[-3.979782547592893, -0.9949585785199886]",16.91420284989465,29,31
324,2,"[-4.246019398874687, 5.0879923389025015]","[-3.979785215740584, 4.974691839971513]",40.79296672740483,25,27
325,2,"[0.022476905791924295, 0.976742577357248]","[9.176493431074549e-07, 0.9949578876964655]",0.9949590573718812,20,22
326,2,"[-4.433136871542502, 2.5595952168875806]","[-3.979784288698308, 2.9848546452113096]",24.873845034204834,31,33
327,2,"[-2.9705667267012017, 4.076075923872909]","[-2.9848555632970006, 3.979784829953458]",24.873845034137332,23,25
328,2,"[-3.019370081464247, -3.1673577404040545]","[-2.984855898860541, -2.984856910834962]",17.90920248327081,24,26
329,2,"[-4.745731401235508, -0.2860344820736076]","[-4.974690368784139, -1.0447573153495967e-06]",24.873722934963432,26,28
330,2,"[0.6639732046091922, -4.447143532253672]","[0.9949584073011711, -3.979784774883367]",16.91420284972996,30,32
331,2,"[2.8214027949569083, -0.4783223321801975]","[2.9848556875540577, -9.927090107925913e-07]",8.954601241682559,33,35
332,2,"[0.24975635791441952, -0.6065894713525442]","[2.811810373576302e-07, -0.9949573328501036]",0.9949590574465752,28,30
333,2,"[-1.0161862566366624, 0.6107169925961511]","[-0.9949586529259026, 0.9949574117481951]",1.9899181144846327,28,30
334,2,"[-3.530339881669504, -3.2570559437284237]","[-3.9797827167400897, -2.984855710283451]",24.873845034205925,35,37
335,2,"[3.7046847591784173, 4.568222332248399]","[3.979783745733084, 4.974690131022624]",40.79296672731729,31,33
336,2,"[-1.2973126012953298, -2.3475745470100096]","[-0.9949593239892358, -1.98991331994415]",4.974790247974404,27,29
337,2,"[1.4745553227675217, -0.9345620879554932]","[0.9949596707868897, -0.994958631684813]",1.9899181143982432,32,34
338,2,"[-4.860043718038069, -3.5209974029702105]","[-4.974691390371285, -3.9797825979100625]",40.79296672731739,39,41
339,2,"[2.2115556233973503, 1.6273811651599503]","[1.9899124483646022, 1.9899111828044853]",7.959662381335965,28,30
340,2,"[-4.8425370367643295, -2.847005061806598]","[-4.974690293003758, -2.984854724740833]",33.82832417645361,24,26
341,2,"[-2.753794082938149, 1.7601816944509787]","[-2.984854876716939, 1.9899114885438312]",12.934432432285242,26,28
342,2,"[-4.918164093395311, -4.0539281204779645]","[-4.9746907374602545, -3.9797845989047262]",40.79296672719477,23,25
343,2,"[3.0711407142214595, -3.291702660563624]","[2.984855885097388, -2.9848568103262827]",17.909202483223744,26,28
344,2,"[1.564120144403197, -2.6810083220815204]","[1.9899109718961205, -2.984855480519754]",12.934432432365947,30,32
345,2,"[-4.101720138144305, -2.62991676416559]","[-3.9797839630898344, -2.9848545844607086]",24.873845034196854,28,30
346,2,"[2.27601338220195, 3.642331833408366]","[1.9899125836135492, 3.9797828097824386]",19.899074983257048,28,30
347,2,"[3.381451413165993, -1.0528406567070228]","[2.984856644399245, -0.9949586798699147]",9.949560298756417,28,30
348,2,"[1.7211917984834164, -3.0209608149419935]","[1.989911186644868, -2.9848557767826733]",12.934432432259303,26,28
349,2,"[-2.118167242127224, 4.058478781656267]","[-1.9899134990036038, 3.979784645558608]",19.899074983453957,23,25
350,2,"[-4.986860303250063, -4.244392644050247]","[-4.974691439027613, -3.9797852002360643]",40.79296672735755,25,27
351,2,"[-2.9912447473046804, -4.848310232332087]","[-2.984855737881824, -4.974690357687453]",33.82832417623863,24,26
352,2,"[-3.2621011446804755, 0.8503455843296477]","[-2.9848565848249806, 0.9949582990793154]",9.949560298757296,26,28
353,2,"[-0.8046126019328206, 4.020958321428222]","[-0.9949572579791307, 3.9797841080483374]",16.914202849944356,24,26
354,2,"[3.2506220722016357, -1.6197903186137501]","[2.9848559981663105, -1.9899110642587226]",12.934432432329315,28,30
355,2,"[-2.463504041663565, -1.2319497403671869]","[-1.9899131930222917, -0.9949586914287687]",4.974790247830166,31,33
356,2,"[0.9246202113516313, -2.3750283179737472]","[0.9949585498569075, -1.9899136947671543]",4.974790248071569,27,29
357,2,"[1.2712848163751325, -0.9276246815616984]","[0.9949595535049177, -0.9949584988321201]",1.9899181143567315,26,28
358,2,"[0.5329631319242774, -0.6540643416543572]","[0.9949574690229805, -0.9949585442283977]",1.9899181144591225,32,34
359,2,"[-2.104670622290763, 4.5921618632924845]","[-1.9899122663239996, 4.9746903249681695]",28.85355412531911,30,32
360,2,"[2.6993233321959504, -3.685241080151526]","[2.984854875291061, -3.9797828232978096]",24.873845034294845,27,29
361,2,"[3.7731120731946275, -0.12870452992498027]","[3.9797826457471426, -4.685427929929474e-07]",15.919243792795397,25,27
362,2,"[4.040214803395496, 3.070517820900508]","[3.979784460251685, 2.9848565258573685]",24.873845034153746,23,25
363,2,"[-0.7658137142350494, -4.889914282801998]","[-0.9949574928770196, -4.974691009127635]",25.868681991923935,25,27
364,2,"[-2.368743839898152, 0.42633435812727694]","[-1.9899127297296333, 1.2873022963754872e-06]",3.9798311909315665,29,31
365,2,"[1.3668169710197482, -2.4792301011640085]","[0.9949587464216317, -1.9899132755515119]",4.974790247864638,32,34
366,2,"[-3.692993801494281, 3.429685624824823]","[-3.9797835090837155, 2.984856827630583]",24.873845034223486,29,31
367,2,"[4.960278330404374, 0.26306746677950255]","[4.97469133259896, 1.4277864734627289e-06]",24.873722934947327,25,27
368,2,"[-3.362004112913372, -2.331572976441662]","[-2.9848564630002716, -1.9899127956596576]",12.934432432218285,28,30
369,2,"[-4.931679472153941, 4.242419779179509]","[-4.974691210728669, 3.979785181703026]",40.79296672735375,25,27
370,2,"[-3.9142289112049546, 0.7835287092659566]","[-3.9797835989475114, 0.9949576475556237]",16.914202849762656,25,27
371,2,"[-2.3136745401630106, 0.5547827457617247]","[-1.9899124081093222, 0.9949572400385553]",4.9747902480407316,30,32
372,2,"[1.5505447767230898, 3.3765560699617447]","[1.9899110676947138, 2.9848558985440854]",12.934432432317994,31,33
373,2,"[-3.0062461771714233, -5.00740271453716]","[-2.984856255508109, -4.9746923264808816]",33.82832417626143,21,23
374,2,"[-3.7182911480954135, 4.096190892524596]","[-3.979782638422783, 3.9797841257686613]",31.83848758523076,26,28
375,2,"[3.828634394240157, 0.9975101662239574]","[3.9797826561392924, 0.9949586515008908]",16.914202849840226,24,26
376,2,"[1.0292926508406106, 1.6899755473536562]","[0.994958705688325, 1.9899108286926932]",4.974790248039154,26,28
377,2,"[-3.324198106895876, 4.243578326271588]","[-2.984856580364532, 3.979784350190908]",24.873845034148488,27,29
378,2,"[-0.8317898251051714, -1.1966614707251462]","[-0.9949579759332613, -0.9949594867152683]",1.9899181144163602,25,27
379,2,"[0.19371730209625682, -4.639068500223436]","[1.7988157254569407e-07, -4.974690144333656]",24.873722934853056,28,30
380,2,"[-3.417258303937747, 2.4374642322060334]","[-2.984856257179496, 1.9899130625024537]",12.93443243223819,30,32
381,2,"[-4.272141640446705, 1.0562776009358155]","[-3.9797848523273176, 0.994958760756911]",16.914202849751504,26,28
382,2,"[-2.6076251168632734, -1.1336129122101601]","[-2.9848547490447532, -0.9949587047785744]",9.94956029876019,29,31
383,2,"[-2.163776135468033, -1.4779113833989208]","[-1.9899122535937552, -0.9949598540839584]",4.974790247940874,32,34
384,2,"[2.2430300690866742, -2.077473632018688]","[1.989913465746542, -1.9899125345994104]",7.959662381426642,25,27
385,2,"[0.6799835166402275, -0.245243881481219]","[0.9949577480125273, -4.4949640081185806e-07]",0.994959057290318,27,29
386,2,"[1.6759927333135174, 4.4731365306855215]","[1.9899121035259937, 3.9797849080339764]",19.899074983235018,31,33
387,2,"[2.3815382754329635, -2.919010523230651]","[1.9899131874164193, -2.9848556467406007]",12.934432432221769,28,30
388,2,"[-4.800684696972445, -2.4344161863697913]","[-4.974691253173838, -1.9899135244718658]",28.853554125429902,29,31
389,2,"[0.9735980103706092, -4.5933996699212765]","[0.994958632016749, -4.974690354466706]",25.868681991845953,30,32
390,2,"[-0.03720962865933952, 0.9916707729089458]","[-9.218419047250185e-07, 0.9949585563503671]",0.994959057263193,21,23
391,2,"[-1.6973425580343213, 2.7741409663572165]","[-1.989910926191762, 2.984855011264624]",12.934432432473562,26,28
392,2,"[-4.028433887910177, -4.350589115025318]","[-3.979783925548881, -3.9797850046115952]",31.8384875851816,27,29
393,2,"[2.3366528635248986, -0.04616892204852796]","[1.989913209824333, -5.538448734753529e-08]",3.9798311907433472,27,29
394,2,"[1.9292405394200172, -0.6673680526976389]","[1.989912155950867, -0.9949576260696251]",4.974790247851491,27,29
395,2,"[-2.5968431796315463, 3.267607732983806]","[-2.984854546602506, 2.984855905002542]",17.90920248324545,29,31
396,2,"[3.066018600642347, 1.9936918615493298]","[2.984856989101357, 1.989912291239322]",12.934432432369428,22,24
397,2,"[-2.333233794765182, 0.9239620287394521]","[-1.9899131786877051, 0.994958548969244]",4.974790247825746,27,29
398,2,"[-1.4236272953341258, -4.182199569135267]","[-0.9949597606936017, -3.97978397752712]",16.91420284980762,29,31
399,2,"[4.273291012733366, -3.7189772193898354]","[3.979784466970971, -3.979783124257696]",31.83848758510212,27,29
400,2,"[4.610430503125017, -0.5529008849105335]","[4.974690944823615, -0.9949577451604726]",25.86868199183245,31,33
401,2,"[-3.224238808692535, 0.42906570115438747]","[-2.9848558494502395, 1.3625405337989529e-06]",8.954601241859677,29,31
402,2,"[3.8189653593744213, 2.3779828368339064]","[3.9797836818697725, 1.989913147466525]",19.8990749831872,28,30
403,2,"[3.139186154101245, 1.6259416751177458]","[2.984855831232356, 1.9899111617809242]",12.93443243227195,28,30
404,2,"[1.9689120206628097, 3.5757634720288705]","[1.9899122279830332, 3.97978254001061]",19.899074983358688,30,32
405,2,"[-2.563399589281936, -0.1082883722942416]","[-2.9848547655093536, -1.8365687147232167e-08]",8.954601241659933,31,33
406,2,"[-2.854815315767273, 4.993720401885665]","[-2.9848542076424285, 4.974691593520761]",33.82832417647775,23,25
407,2,"[4.54716763839092, -4.716269451586499]","[4.9746901688993175, -4.97469134899871]",49.74744586937733,33,35
408,2,"[2.10508976656065, 4.354542770336418]","[1.98991238233711, 3.979785048491439]",19.899074983297837,27,29
409,2,"[-3.2709084658961047, 0.695759160858926]","[-2.984856272346936, 0.9949578735055172]",9.949560298760552,27,29
410,2,"[4.254600167301549, -4.77239317928142]","[3.9797847339580756, -4.974690594251287]",40.7929667272783,26,28
411,2,"[2.0215835366076407, -2.0751461645050804]","[1.989912714597492, -1.9899135602778755]",7.95966238150239,22,24
412,2,"[4.345817040655672, 4.823636430493367]","[3.9797849547976627, 4.974691092066131]",40.79296672725701,27,29
413,2,"[4.549288848521564, -0.2640464214275706]","[4.974690316558227, -2.523164154859977e-08]",24.873722934768466,33,35
414,2,"[3.7073167461305703, 3.5281858409991207]","[3.979783845212332, 3.979782334174728]",31.83848758538148,35,37
415,2,"[-1.8524111539890624, 3.368094455302937]","[-1.9899120325252715, 2.9848570441203908]",12.934432432405375,27,29
416,2,"[-4.741041820513356, 0.985803555656223]","[-4.974690322221173, 0.9949586195156094]",25.868681991859315,26,28
417,2,"[-2.764709506173921, -3.885395089640665]","[-2.9848544630755383, -3.9797834640259575]",24.873845034282127,25,27
418,2,"[-4.331999215316898, 2.0099970649921515]","[-3.9797848273395466, 1.9899122582191269]",19.89907498319978,27,29
419,2,"[-1.639680371015003, 2.3016117404545176]","[-1.9899113394749102, 1.9899126647431664]",7.959662381303289,28,30
420,2,"[-4.45075107021883, -1.8914269406145503]","[-3.979784845180768, -1.9899122043455366]",19.899074983206688,30,32
421,2,"[0.4043908339234532, 2.977005207950987]","[1.4350711682746162e-06, 2.984855694930823]",8.954601241895595,28,30
422,2,"[-1.8559743699756042, 1.2891276947149732]","[-1.9899119118894208, 0.9949596985952273]",4.974790247891084,26,28
423,2,"[3.9524121419385567, 1.1864390469867985]","[3.97978368909381, 0.9949599371422514]",16.914202849895446,24,26
424,2,"[-2.73449497852279, -4.870135996861051]","[-2.984854721622918, -4.974691091784096]",33.828324176236215,26,28
425,2,"[3.789812468745523, -4.902201232892036]","[3.9797828151932118, -4.974691072198151]",40.792966727238614,25,27
426,2,"[3.836945128286202, 0.29631625243865045]","[3.9797834517799595, 1.1429641160835426e-06]",15.919243792753546,26,28
427,2,"[4.496053232772057, 3.0595403343223344]","[3.979784838338688, 2.984855705733718]",24.8738450341368,33,35
428,2,"[5.098845291861376, -1.5287110097744883]","[4.974691400184942, -1.9899109670581923]",28.853554125413996,33,35
429,2,"[2.7360080786547396, -1.0042274446413604]","[2.984854734947512, -0.994958655959162]",9.949560298764702,26,28
430,2,"[-0.20607364808797346, 1.3056559433561095]","[-5.456310553221485e-07, 0.9949598607637975]",0.9949590574490017,26,28
431,2,"[3.8264536492681094, 4.957014724600783]","[3.9797826307898405, 4.974691272938522]",40.79296672730399,24,26
432,2,"[2.7471197579726665, -0.8420681506065026]","[2.9848548265224, -0.9949582728250812]",9.949560298757737,26,28
433,2,"[-0.8053042966828015, 2.432842768270249]","[-0.9949585279127333, 1.9899134854822107]",4.974790247960014,29,31
434,2,"[-2.674922027332584, -3.9887450815345185]","[-2.9848546380791827, -3.979783872447815]",24.873845034171726,27,29
435,2,"[-1.4886691057584485, -2.178672725462203]","[-0.9949600943055424, -1.9899122471876294]",4.974790248068163,33,35
436,2,"[-2.0858048465306616, -2.7278566292489224]","[-1.9899124342619523, -2.984854660484827]",12.934432432262907,26,28
437,2,"[-4.688965738123654, -4.936970908329843]","[-4.974690289181922, -4.974691332877591]",49.74744586932289,27,29
438,2,"[4.994277270896963, -0.7396031105447696]","[4.974691468016283, -0.9949572140470724]",25.868681992038553,25,27
439,2,"[-1.1844951330848597, 1.8395881747770355]","[-0.9949594099282285, 1.9899116118410047]",4.974790247842213,25,27
440,2,"[-2.885080188261743, 4.607602523650308]","[-2.9848556483818727, 4.9746901194878586]",33.828324176346456,29,31
441,2,"[2.9321729476152525, -4.204431336322463]","[2.984855508221223, -3.979784873727108]",24.87384503415801,25,27
442,2,"[-0.8439728559623338, 3.8821714694365665]","[-0.9949576525801981, 3.979783180041023]",16.914202849838315,24,26
443,2,"[4.554055908264041, -0.33380852480133427]","[4.974690022852676, -7.845091281028913e-08]",24.873722934910084,32,34
444,2,"[1.1613326255176473, -3.4095723920171497]","[0.9949587786209986, -2.984857056456054]",9.94956029894708,28,30
445,2,"[5.02956673164264, -2.74768177783354]","[4.9746916045508325, -2.984854262764041]",33.828324176446735,25,27
446,2,"[4.5335733671436875, 1.5323816856818526]","[4.974690421948997, 1.989912015407271]",28.85355412528967,36,38
447,2,"[1.1032247795595174, 0.12993035280904763]","[0.9949592629964668, 7.858744792669904e-07]",0.9949590572933626,24,26
448,2,"[-2.757941128010151, -3.3123529522635957]","[-2.984855220207554, -2.9848564953311505]",17.909202483144284,27,29
449,2,"[-2.8622212191214045, -3.2108721956428337]","[-2.9848551943549935, -2.984856707154]",17.909202483224647,25,27
450,2,"[2.8629450093235542, -1.534717346132684]","[2.9848556861200444, -1.9899108052226868]",12.934432432445167,32,34
451,2,"[-4.527690991990822, 4.8036109326419085]","[-4.974690161164398, 4.97469138936951]",49.7474458693807,38,40
452,2,"[3.9299674620254796, 4.380183379918981]","[3.9797838170244964, 3.9797847982139554]",31.83848758509656,28,30
453,2,"[5.067856103899497, -3.3393126479924504]","[4.974691525956859, -2.9848567089466354]",33.828324176233444,27,29
454,2,"[-1.0624817264367747, 2.6443619912098955]","[-0.9949587198117827, 2.9848541798048793]",9.949560299038685,27,29
455,2,"[2.0072511288708323, -3.5441059190798843]","[1.9899122347362228, -3.979782861163025]",19.89907498321208,33,35
456,2,"[3.234131199903927, -2.821728544392595]","[2.984856890812638, -2.9848549519651573]",17.90920248336441,25,27
457,2,"[-2.8281076242163397, 0.37861809042855477]","[-2.9848555445755154, 9.887338932845133e-07]",8.95460124168579,28,30
458,2,"[0.9517049327790401, 0.8200827682591862]","[0.9949583981031428, 0.9949574254465223]",1.9899181144893436,24,26
459,2,"[-4.18317478504699, 3.865199233335095]","[-3.979784733274088, 3.979783357691211]",31.838487585122756,25,27
460,2,"[-2.40025556389165, -3.7937672060640852]","[-1.9899134508681384, -3.979783635437422]",19.8990749833189,28,30
461,2,"[3.9807803378583264, 4.665871341872674]","[3.9797838616578596, 4.974689952396183]",40.79296672740914,27,29
462,2,"[3.708186800798214, 3.1694446051827514]","[3.9797825111184615, 2.9848561508469857]",24.87384503434674,26,28
463,2,"[1.5896778817435822, 0.5207794750375863]","[1.989912140057232, 0.9949577067772435]",4.974790247820945,34,36
464,2,"[-4.229255578507161, -0.9374390981560454]","[-3.979785065108203, -0.9949584430812993]",16.914202849848003,25,27
465,2,"[-1.3036695857939047, -2.46012125429426]","[-0.9949587969998387, -1.989913668662888]",4.974790248060106,30,32
466,2,"[2.28782196417111, -0.04223247279338693]","[1.989913287931686, -8.37889291120922e-08]",3.9798311907755313,26,28
467,2,"[-4.2900867491056855, -2.865324012033932]","[-3.979784994971355, -2.9848554043218947]",24.873845034219308,26,28
468,2,"[1.8765697398742622, -4.340419998819327]","[1.9899120761533073, -3.979784902238204]",19.899074983234186,27,29
469,2,"[3.5963587998593907, -0.049699563376902844]","[3.9797825119120214, -2.1743748163614716e-08]",15.919243792819444,29,31
470,2,"[-0.1987934481751248, 0.9462557149134598]","[-1.4149833084803768e-06, 0.9949583667592573]",0.9949590575050582,24,26
471,2,"[3.3247330910735267, -1.5584337110815434]","[2.9848558966796954, -1.9899107462927539]",12.934432432486702,30,32
472,2,"[1.822885402204811, 0.6730953113169003]","[1.9899119701245023, 0.9949576841815874]",4.974790247841405,27,29
473,2,"[-2.385630513465126, 3.877171060276818]","[-1.9899132368502856, 3.9797837625864028]",19.899074983216742,28,30
474,2,"[3.0456424612549435, 1.6225467869022774]","[2.9848557479017317, 1.9899111095750124]",12.934432432291736,28,30
475,2,"[3.589956905925038, 3.7610926178283757]","[3.9797829246306353, 3.979783749321291]",31.838487585097784,30,32
476,2,"[2.133636881561956, 3.4510164824440013]","[1.9899122762936328, 2.9848567426901047]",12.93443243225575,30,32
477,2,"[2.0221077674934644, 1.8446415028254766]","[1.989912412063097, 1.9899112511601056]",7.95966238130562,24,26
478,2,"[1.2145805129234875, 2.5878183890702466]","[0.9949587668820723, 2.984854319167656]",9.949560298960755,29,31
479,2,"[-3.4958837217989256, 3.9001165741970274]","[-2.984856952529803, 3.9797838543541406]",24.87384503425788,33,35
480,2,"[3.8076777241111754, -4.820507821726115]","[3.9797829718430475, -4.974690557968788]",40.79296672729502,25,27
481,2,"[3.3363635257831694, -3.8003725570719213]","[2.984856681814289, -3.9797835110450106]",24.873845034162528,27,29
482,2,"[-1.688382932386387, 2.493524544426063]","[-1.9899121918444906, 1.9899137013436154]",7.959662381534997,33,35
483,2,"[-3.473818664465324, 3.255982326979196]","[-2.9848568903492665, 2.984855769490367]",17.9092024832543,31,33
484,2,"[3.4010539822872774, 0.07646959371096251]","[2.984856905516463, 5.675222953671976e-08]",8.954601241774174,28,30
485,2,"[-5.054608673619624, -2.1807295162888933]","[-4.974691903573634, -1.9899135133524595]",28.85355412547202,24,26
486,2,"[1.1973316441676003, 4.927346463000817]","[0.9949600520715642, 4.974691062756123]",25.86868199205331,24,26
487,2,"[1.3497705166506844, -2.459611329903004]","[0.9949588851470986, -1.989913647669725]",4.974790248055374,30,32
488,2,"[1.37221839974002, 0.4094502882903601]","[0.9949591652192306, 9.410494150712206e-07]",0.9949590573241736,29,31
489,2,"[2.8656168463477103, -4.024518258411946]","[2.9848543652862074, -3.9797843040593714]",24.873845034339688,23,25
490,2,"[2.672925721620767, 0.42256976564336934]","[2.9848553033998075, 1.1940677004474908e-06]",8.95460124180111,29,31
491,2,"[4.741038119516106, -1.6192290197638544]","[4.974690995574897, -1.9899110546866008]",28.853554125402166,28,30
492,2,"[1.3580481856916284, 4.423967800422578]","[0.9949590860576557, 3.979784864348635]",16.914202849793092,29,31
493,2,"[-4.070300385375445, 4.47721970930126]","[-3.979783876908394, 3.9797850526718035]",31.838487585202923,31,33
494,2,"[1.9239497963603291, -4.42534851476304]","[1.9899122026701352, -3.979784886196009]",19.89907498322294,29,31
495,2,"[-2.038133074464602, 2.1316821877276837]","[-1.9899126774978166, 1.9899136613639128]",7.959662381550724,23,25
496,2,"[-4.430329840959778, 0.8414255122050385]","[-3.9797849718172484, 0.9949585570371965]",16.914202849799256,29,31
497,2,"[-1.578157496801723, 1.238174901938966]","[-1.9899107557548563, 0.9949587926214336]",4.974790248084632,29,31
498,2,"[-4.651601573759868, 3.804536895000333]","[-4.974690342219126, 3.979783656406379]",40.79296672722738,28,30
499,2,"[4.848527044376545, 4.801309238125481]","[4.974690763950298, 4.974690390268]",49.747445869357605,25,27
500,2,"[2.5564347570475494, -3.787916901062329]","[2.984854524798522, -3.9797838074412435]",24.87384503422234,31,33
