experimento,evaporation_rate,hormigas,iteracion,mejor_costo
evap_015,0.15,40,1,6855.457334
evap_015,0.15,40,2,6670.609333
evap_015,0.15,40,3,6549.810999
evap_015,0.15,40,4,6549.810999
evap_015,0.15,40,5,6549.810999
evap_015,0.15,40,6,6431.513667
evap_015,0.15,40,7,6431.513667
evap_015,0.15,40,8,6431.513667
evap_015,0.15,40,9,6431.513667
evap_015,0.15,40,10,6431.513667
evap_015,0.15,40,11,6431.513667
evap_015,0.15,40,12,6431.513667
evap_015,0.15,40,13,6431.513667
evap_015,0.15,40,14,6431.513667
evap_015,0.15,40,15,6431.513667
evap_015,0.15,40,16,6299.647005
evap_015,0.15,40,17,6299.647005
evap_015,0.15,40,18,6299.647005
evap_015,0.15,40,19,6299.647005
evap_015,0.15,40,20,6299.647005
evap_015,0.15,40,21,6299.647005
evap_015,0.15,40,22,6244.267668
evap_015,0.15,40,23,6244.267668
evap_015,0.15,40,24,6244.267668
evap_015,0.15,40,25,6244.267668
evap_015,0.15,40,26,6244.267668
evap_015,0.15,40,27,6244.267668
evap_015,0.15,40,28,6244.267668
evap_015,0.15,40,29,6244.267668
evap_015,0.15,40,30,6244.267668
evap_015,0.15,40,31,6244.267668
evap_015,0.15,40,32,6183.480667
evap_015,0.15,40,33,6157.748
evap_015,0.15,40,34,6157.748
evap_015,0.15,40,35,6157.748
evap_015,0.15,40,36,6157.748
evap_015,0.15,40,37,6062.316665
evap_015,0.15,40,38,5966.757331
evap_015,0.15,40,39,5693.873995
evap_015,0.15,40,40,5693.873995
evap_015,0.15,40,41,5609.107999
evap_015,0.15,40,42,5609.107999
evap_015,0.15,40,43,5609.107999
evap_015,0.15,40,44,5609.107999
evap_015,0.15,40,45,5609.107999
evap_015,0.15,40,46,5498.316999
evap_015,0.15,40,47,5250.299666
evap_015,0.15,40,48,5250.299666
evap_015,0.15,40,49,5250.299666
evap_015,0.15,40,50,4955.765332
evap_015,0.15,40,51,4955.765332
evap_015,0.15,40,52,4955.765332
evap_015,0.15,40,53,4955.765332
evap_015,0.15,40,54,4955.765332
evap_015,0.15,40,55,4927.030335
evap_015,0.15,40,56,4927.030335
evap_015,0.15,40,57,4703.930001
evap_015,0.15,40,58,4703.930001
evap_015,0.15,40,59,4703.930001
evap_015,0.15,40,60,4703.930001
evap_015,0.15,40,61,4703.930001
evap_015,0.15,40,62,4703.930001
evap_015,0.15,40,63,4671.37
evap_015,0.15,40,64,4671.37
evap_015,0.15,40,65,4671.37
evap_015,0.15,40,66,4539.272003
evap_015,0.15,40,67,4539.272003
evap_015,0.15,40,68,4533.417665
evap_015,0.15,40,69,4458.092
evap_015,0.15,40,70,4458.092
evap_015,0.15,40,71,4458.092
evap_015,0.15,40,72,4454.392
evap_015,0.15,40,73,4394.025667
evap_015,0.15,40,74,4394.025667
evap_015,0.15,40,75,4341.021334
evap_015,0.15,40,76,4341.021334
evap_015,0.15,40,77,4323.827667
evap_015,0.15,40,78,4323.827667
evap_015,0.15,40,79,4298.049001
evap_015,0.15,40,80,4298.049001
evap_015,0.15,40,81,4298.049001
evap_015,0.15,40,82,4298.049001
evap_015,0.15,40,83,4298.049001
evap_015,0.15,40,84,4298.049001
evap_015,0.15,40,85,4298.049001
evap_015,0.15,40,86,4298.049001
evap_015,0.15,40,87,4298.049001
evap_015,0.15,40,88,4298.049001
evap_015,0.15,40,89,4298.049001
evap_015,0.15,40,90,4298.049001
evap_015,0.15,40,91,4298.049001
evap_015,0.15,40,92,4298.049001
evap_015,0.15,40,93,4298.049001
evap_015,0.15,40,94,4298.049001
evap_015,0.15,40,95,4298.049001
evap_015,0.15,40,96,4274.693667
evap_015,0.15,40,97,4274.693667
evap_015,0.15,40,98,4274.693667
evap_015,0.15,40,99,4274.693667
evap_015,0.15,40,100,4274.693667
evap_025,0.25,40,1,6855.457334
evap_025,0.25,40,2,6670.609333
evap_025,0.25,40,3,6549.810999
evap_025,0.25,40,4,6549.810999
evap_025,0.25,40,5,6549.810999
evap_025,0.25,40,6,6549.810999
evap_025,0.25,40,7,6549.810999
evap_025,0.25,40,8,6549.810999
evap_025,0.25,40,9,6549.810999
evap_025,0.25,40,10,6477.078342
evap_025,0.25,40,11,6477.078342
evap_025,0.25,40,12,6477.078342
evap_025,0.25,40,13,6477.078342
evap_025,0.25,40,14,6477.078342
evap_025,0.25,40,15,6477.078342
evap_025,0.25,40,16,6477.078342
evap_025,0.25,40,17,6477.078342
evap_025,0.25,40,18,6477.078342
evap_025,0.25,40,19,6477.078342
evap_025,0.25,40,20,6370.158664
evap_025,0.25,40,21,6007.854331
evap_025,0.25,40,22,6007.854331
evap_025,0.25,40,23,6007.854331
evap_025,0.25,40,24,6007.854331
evap_025,0.25,40,25,5435.508333
evap_025,0.25,40,26,5435.508333
evap_025,0.25,40,27,5435.508333
evap_025,0.25,40,28,5271.064326
evap_025,0.25,40,29,5271.064326
evap_025,0.25,40,30,5271.064326
evap_025,0.25,40,31,5271.064326
evap_025,0.25,40,32,5188.946665
evap_025,0.25,40,33,4965.672667
evap_025,0.25,40,34,4780.520998
evap_025,0.25,40,35,4780.520998
evap_025,0.25,40,36,4659.928664
evap_025,0.25,40,37,4524.69933
evap_025,0.25,40,38,4524.69933
evap_025,0.25,40,39,4524.69933
evap_025,0.25,40,40,4524.69933
evap_025,0.25,40,41,4524.69933
evap_025,0.25,40,42,4429.195665
evap_025,0.25,40,43,4429.195665
evap_025,0.25,40,44,4429.195665
evap_025,0.25,40,45,4429.195665
evap_025,0.25,40,46,4396.856331
evap_025,0.25,40,47,4391.201666
evap_025,0.25,40,48,4246.719332
evap_025,0.25,40,49,4246.719332
evap_025,0.25,40,50,4159.588333
evap_025,0.25,40,51,4097.675666
evap_025,0.25,40,52,4097.675666
evap_025,0.25,40,53,4097.675666
evap_025,0.25,40,54,4097.675666
evap_025,0.25,40,55,4097.675666
evap_025,0.25,40,56,4086.525999
evap_025,0.25,40,57,4067.228332
evap_025,0.25,40,58,4067.228332
evap_025,0.25,40,59,4067.228332
evap_025,0.25,40,60,4067.228332
evap_025,0.25,40,61,4067.228332
evap_025,0.25,40,62,4067.228332
evap_025,0.25,40,63,4067.228332
evap_025,0.25,40,64,4067.228332
evap_025,0.25,40,65,4067.228332
evap_025,0.25,40,66,4067.228332
evap_025,0.25,40,67,4067.228332
evap_025,0.25,40,68,4067.228332
evap_025,0.25,40,69,4067.228332
evap_025,0.25,40,70,4067.228332
evap_025,0.25,40,71,4067.228332
evap_025,0.25,40,72,4067.228332
evap_025,0.25,40,73,4067.228332
evap_025,0.25,40,74,4067.228332
evap_025,0.25,40,75,4067.228332
evap_025,0.25,40,76,4067.228332
evap_025,0.25,40,77,4067.228332
evap_025,0.25,40,78,4067.228332
evap_025,0.25,40,79,4067.228332
evap_025,0.25,40,80,4067.228332
evap_025,0.25,40,81,4067.228332
evap_025,0.25,40,82,4067.228332
evap_025,0.25,40,83,4067.228332
evap_025,0.25,40,84,4067.228332
evap_025,0.25,40,85,4067.228332
evap_025,0.25,40,86,4067.228332
evap_025,0.25,40,87,4067.228332
evap_025,0.25,40,88,4067.228332
evap_025,0.25,40,89,4067.228332
evap_025,0.25,40,90,4067.228332
evap_025,0.25,40,91,4067.228332
evap_025,0.25,40,92,4067.228332
evap_025,0.25,40,93,4067.228332
evap_025,0.25,40,94,4067.228332
evap_025,0.25,40,95,4067.228332
evap_025,0.25,40,96,4067.228332
evap_025,0.25,40,97,4067.228332
evap_025,0.25,40,98,4067.228332
evap_025,0.25,40,99,4067.228332
evap_025,0.25,40,100,4067.228332
evap_035,0.35,40,1,6855.457334
evap_035,0.35,40,2,6670.609333
evap_035,0.35,40,3,6549.810999
evap_035,0.35,40,4,6549.810999
evap_035,0.35,40,5,6549.810999
evap_035,0.35,40,6,6549.810999
evap_035,0.35,40,7,6549.810999
evap_035,0.35,40,8,6549.810999
evap_035,0.35,40,9,6549.810999
evap_035,0.35,40,10,6549.810999
evap_035,0.35,40,11,6549.810999
evap_035,0.35,40,12,6549.810999
evap_035,0.35,40,13,6376.811329
evap_035,0.35,40,14,6376.811329
evap_035,0.35,40,15,6376.811329
evap_035,0.35,40,16,5984.55
evap_035,0.35,40,17,5981.778329
evap_035,0.35,40,18,5560.657665
evap_035,0.35,40,19,5560.657665
evap_035,0.35,40,20,5466.565329
evap_035,0.35,40,21,4801.819663
evap_035,0.35,40,22,4801.819663
evap_035,0.35,40,23,4801.819663
evap_035,0.35,40,24,4801.819663
evap_035,0.35,40,25,4801.819663
evap_035,0.35,40,26,4801.819663
evap_035,0.35,40,27,4689.647331
evap_035,0.35,40,28,4566.908664
evap_035,0.35,40,29,4565.905331
evap_035,0.35,40,30,4534.004332
evap_035,0.35,40,31,4534.004332
evap_035,0.35,40,32,4534.004332
evap_035,0.35,40,33,4505.030666
evap_035,0.35,40,34,4505.030666
evap_035,0.35,40,35,4471.569332
evap_035,0.35,40,36,4471.569332
evap_035,0.35,40,37,4471.569332
evap_035,0.35,40,38,4471.569332
evap_035,0.35,40,39,4471.569332
evap_035,0.35,40,40,4471.569332
evap_035,0.35,40,41,4471.569332
evap_035,0.35,40,42,4471.569332
evap_035,0.35,40,43,4471.569332
evap_035,0.35,40,44,4471.569332
evap_035,0.35,40,45,4471.569332
evap_035,0.35,40,46,4471.569332
evap_035,0.35,40,47,4471.569332
evap_035,0.35,40,48,4471.569332
evap_035,0.35,40,49,4471.569332
evap_035,0.35,40,50,4471.569332
evap_035,0.35,40,51,4471.569332
evap_035,0.35,40,52,4471.569332
evap_035,0.35,40,53,4471.569332
evap_035,0.35,40,54,4471.569332
evap_035,0.35,40,55,4471.569332
evap_035,0.35,40,56,4471.569332
evap_035,0.35,40,57,4471.569332
evap_035,0.35,40,58,4471.569332
evap_035,0.35,40,59,4471.569332
evap_035,0.35,40,60,4471.569332
evap_035,0.35,40,61,4471.569332
evap_035,0.35,40,62,4471.569332
evap_035,0.35,40,63,4471.569332
evap_035,0.35,40,64,4471.569332
evap_035,0.35,40,65,4471.569332
evap_035,0.35,40,66,4471.569332
evap_035,0.35,40,67,4471.569332
evap_035,0.35,40,68,4471.569332
evap_035,0.35,40,69,4471.569332
evap_035,0.35,40,70,4471.569332
evap_035,0.35,40,71,4471.569332
evap_035,0.35,40,72,4471.569332
evap_035,0.35,40,73,4471.569332
evap_035,0.35,40,74,4471.569332
evap_035,0.35,40,75,4471.569332
evap_035,0.35,40,76,4471.569332
evap_035,0.35,40,77,4471.569332
evap_035,0.35,40,78,4471.569332
evap_035,0.35,40,79,4471.569332
evap_035,0.35,40,80,4471.569332
evap_035,0.35,40,81,4471.569332
evap_035,0.35,40,82,4471.569332
evap_035,0.35,40,83,4471.569332
evap_035,0.35,40,84,4471.569332
evap_035,0.35,40,85,4471.569332
evap_035,0.35,40,86,4471.569332
evap_035,0.35,40,87,4471.569332
evap_035,0.35,40,88,4471.569332
evap_035,0.35,40,89,4471.569332
evap_035,0.35,40,90,4471.569332
evap_035,0.35,40,91,4471.569332
evap_035,0.35,40,92,4471.569332
evap_035,0.35,40,93,4471.569332
evap_035,0.35,40,94,4471.569332
evap_035,0.35,40,95,4471.569332
evap_035,0.35,40,96,4471.569332
evap_035,0.35,40,97,4471.569332
evap_035,0.35,40,98,4471.569332
evap_035,0.35,40,99,4471.569332
evap_035,0.35,40,100,4471.569332
evap_045,0.45,40,1,6855.457334
evap_045,0.45,40,2,6670.609333
evap_045,0.45,40,3,6549.810999
evap_045,0.45,40,4,6549.810999
evap_045,0.45,40,5,6549.810999
evap_045,0.45,40,6,6549.810999
evap_045,0.45,40,7,6549.810999
evap_045,0.45,40,8,6549.810999
evap_045,0.45,40,9,6549.810999
evap_045,0.45,40,10,6549.810999
evap_045,0.45,40,11,6266.193332
evap_045,0.45,40,12,6110.309326
evap_045,0.45,40,13,6110.309326
evap_045,0.45,40,14,6110.309326
evap_045,0.45,40,15,5603.399996
evap_045,0.45,40,16,5584.266997
evap_045,0.45,40,17,5146.219
evap_045,0.45,40,18,5008.378668
evap_045,0.45,40,19,4710.734999
evap_045,0.45,40,20,4527.977
evap_045,0.45,40,21,4527.977
evap_045,0.45,40,22,4527.977
evap_045,0.45,40,23,4527.977
evap_045,0.45,40,24,4527.977
evap_045,0.45,40,25,4527.977
evap_045,0.45,40,26,4527.977
evap_045,0.45,40,27,4481.515666
evap_045,0.45,40,28,4481.515666
evap_045,0.45,40,29,4481.515666
evap_045,0.45,40,30,4481.515666
evap_045,0.45,40,31,4481.515666
evap_045,0.45,40,32,4481.515666
evap_045,0.45,40,33,4481.515666
evap_045,0.45,40,34,4481.515666
evap_045,0.45,40,35,4481.515666
evap_045,0.45,40,36,4481.515666
evap_045,0.45,40,37,4481.515666
evap_045,0.45,40,38,4481.515666
evap_045,0.45,40,39,4481.515666
evap_045,0.45,40,40,4481.515666
evap_045,0.45,40,41,4481.515666
evap_045,0.45,40,42,4481.515666
evap_045,0.45,40,43,4481.515666
evap_045,0.45,40,44,4481.515666
evap_045,0.45,40,45,4481.515666
evap_045,0.45,40,46,4481.515666
evap_045,0.45,40,47,4481.515666
evap_045,0.45,40,48,4481.515666
evap_045,0.45,40,49,4481.515666
evap_045,0.45,40,50,4481.515666
evap_045,0.45,40,51,4481.515666
evap_045,0.45,40,52,4481.515666
evap_045,0.45,40,53,4481.515666
evap_045,0.45,40,54,4481.515666
evap_045,0.45,40,55,4481.515666
evap_045,0.45,40,56,4481.515666
evap_045,0.45,40,57,4481.515666
evap_045,0.45,40,58,4481.515666
evap_045,0.45,40,59,4481.515666
evap_045,0.45,40,60,4481.515666
evap_045,0.45,40,61,4481.515666
evap_045,0.45,40,62,4481.515666
evap_045,0.45,40,63,4481.515666
evap_045,0.45,40,64,4481.515666
evap_045,0.45,40,65,4481.515666
evap_045,0.45,40,66,4481.515666
evap_045,0.45,40,67,4481.515666
evap_045,0.45,40,68,4481.515666
evap_045,0.45,40,69,4481.515666
evap_045,0.45,40,70,4481.515666
evap_045,0.45,40,71,4481.515666
evap_045,0.45,40,72,4481.515666
evap_045,0.45,40,73,4481.515666
evap_045,0.45,40,74,4481.515666
evap_045,0.45,40,75,4481.515666
evap_045,0.45,40,76,4481.515666
evap_045,0.45,40,77,4481.515666
evap_045,0.45,40,78,4481.515666
evap_045,0.45,40,79,4481.515666
evap_045,0.45,40,80,4481.515666
evap_045,0.45,40,81,4481.515666
evap_045,0.45,40,82,4481.515666
evap_045,0.45,40,83,4481.515666
evap_045,0.45,40,84,4481.515666
evap_045,0.45,40,85,4481.515666
evap_045,0.45,40,86,4481.515666
evap_045,0.45,40,87,4481.515666
evap_045,0.45,40,88,4481.515666
evap_045,0.45,40,89,4481.515666
evap_045,0.45,40,90,4481.515666
evap_045,0.45,40,91,4481.515666
evap_045,0.45,40,92,4481.515666
evap_045,0.45,40,93,4481.515666
evap_045,0.45,40,94,4481.515666
evap_045,0.45,40,95,4481.515666
evap_045,0.45,40,96,4481.515666
evap_045,0.45,40,97,4481.515666
evap_045,0.45,40,98,4481.515666
evap_045,0.45,40,99,4481.515666
evap_045,0.45,40,100,4481.515666
evap_055,0.55,40,1,6855.457334
evap_055,0.55,40,2,6670.609333
evap_055,0.55,40,3,6549.810999
evap_055,0.55,40,4,6549.810999
evap_055,0.55,40,5,6549.810999
evap_055,0.55,40,6,6549.810999
evap_055,0.55,40,7,6549.810999
evap_055,0.55,40,8,6549.810999
evap_055,0.55,40,9,6549.810999
evap_055,0.55,40,10,6240.021001
evap_055,0.55,40,11,6038.442332
evap_055,0.55,40,12,5418.451997
evap_055,0.55,40,13,5307.741999
evap_055,0.55,40,14,5276.564333
evap_055,0.55,40,15,4894.703999
evap_055,0.55,40,16,4894.703999
evap_055,0.55,40,17,4800.970666
evap_055,0.55,40,18,4800.970666
evap_055,0.55,40,19,4721.023999
evap_055,0.55,40,20,4721.023999
evap_055,0.55,40,21,4721.023999
evap_055,0.55,40,22,4721.023999
evap_055,0.55,40,23,4721.023999
evap_055,0.55,40,24,4721.023999
evap_055,0.55,40,25,4721.023999
evap_055,0.55,40,26,4721.023999
evap_055,0.55,40,27,4721.023999
evap_055,0.55,40,28,4721.023999
evap_055,0.55,40,29,4721.023999
evap_055,0.55,40,30,4721.023999
evap_055,0.55,40,31,4721.023999
evap_055,0.55,40,32,4721.023999
evap_055,0.55,40,33,4721.023999
evap_055,0.55,40,34,4721.023999
evap_055,0.55,40,35,4721.023999
evap_055,0.55,40,36,4721.023999
evap_055,0.55,40,37,4721.023999
evap_055,0.55,40,38,4721.023999
evap_055,0.55,40,39,4721.023999
evap_055,0.55,40,40,4721.023999
evap_055,0.55,40,41,4721.023999
evap_055,0.55,40,42,4721.023999
evap_055,0.55,40,43,4721.023999
evap_055,0.55,40,44,4721.023999
evap_055,0.55,40,45,4721.023999
evap_055,0.55,40,46,4721.023999
evap_055,0.55,40,47,4721.023999
evap_055,0.55,40,48,4721.023999
evap_055,0.55,40,49,4721.023999
evap_055,0.55,40,50,4721.023999
evap_055,0.55,40,51,4721.023999
evap_055,0.55,40,52,4721.023999
evap_055,0.55,40,53,4721.023999
evap_055,0.55,40,54,4721.023999
evap_055,0.55,40,55,4721.023999
evap_055,0.55,40,56,4721.023999
evap_055,0.55,40,57,4721.023999
evap_055,0.55,40,58,4721.023999
evap_055,0.55,40,59,4721.023999
evap_055,0.55,40,60,4721.023999
evap_055,0.55,40,61,4721.023999
evap_055,0.55,40,62,4721.023999
evap_055,0.55,40,63,4721.023999
evap_055,0.55,40,64,4721.023999
evap_055,0.55,40,65,4721.023999
evap_055,0.55,40,66,4721.023999
evap_055,0.55,40,67,4721.023999
evap_055,0.55,40,68,4721.023999
evap_055,0.55,40,69,4721.023999
evap_055,0.55,40,70,4721.023999
evap_055,0.55,40,71,4721.023999
evap_055,0.55,40,72,4721.023999
evap_055,0.55,40,73,4721.023999
evap_055,0.55,40,74,4721.023999
evap_055,0.55,40,75,4721.023999
evap_055,0.55,40,76,4721.023999
evap_055,0.55,40,77,4721.023999
evap_055,0.55,40,78,4721.023999
evap_055,0.55,40,79,4721.023999
evap_055,0.55,40,80,4721.023999
evap_055,0.55,40,81,4721.023999
evap_055,0.55,40,82,4721.023999
evap_055,0.55,40,83,4721.023999
evap_055,0.55,40,84,4721.023999
evap_055,0.55,40,85,4721.023999
evap_055,0.55,40,86,4721.023999
evap_055,0.55,40,87,4721.023999
evap_055,0.55,40,88,4721.023999
evap_055,0.55,40,89,4721.023999
evap_055,0.55,40,90,4721.023999
evap_055,0.55,40,91,4721.023999
evap_055,0.55,40,92,4721.023999
evap_055,0.55,40,93,4721.023999
evap_055,0.55,40,94,4721.023999
evap_055,0.55,40,95,4721.023999
evap_055,0.55,40,96,4721.023999
evap_055,0.55,40,97,4721.023999
evap_055,0.55,40,98,4721.023999
evap_055,0.55,40,99,4721.023999
evap_055,0.55,40,100,4721.023999
