indice_inicio,indice_destino,ciudad_inicio,ciudad_destino,distancia,tiempo(min),peajes(euros),gasolina(euros),
0,39,Bourg-en-Bresse,Lons-le-Saunier,74,59,5.3,15.34,
0,69,Bourg-en-Bresse,Lyon,84,69,9.3,17.94,
0,71,Bourg-en-Bresse,Mâcon,84,69,9.3,17.94,
0,74,Bourg-en-Bresse,Annecy,84,69,9.3,17.94,
1,7,Laon,Charleville-Mézières,112,102,0,26.52,
1,51,Laon,Châlons-en-Champagne,115,80,9.2,20.8,
1,59,Laon,Lille,159,105,11.1,27.3,
1,60,Laon,Beauvais,135,112,0,29.12,
1,62,Laon,Arras,131,86,10.2,22.36,
1,77,Laon,Melun,177,131,7,34.06,
1,80,Laon,Amiens,127,90,9.5,23.4,
1,93,Laon,Bobigny,128,97,0,25.22,
1,95,Laon,Cergy,157,115,0,29.9,
2,17,Moulins,Bourges,101,90,0,23.4,
2,23,Moulins,Guéret,146,95,4.3,24.7,
2,58,Moulins,Nevers,57,51,0,13.26,
2,63,Moulins,Clermont-Ferrand,19,33,0,8.58,
2,69,Moulins,Lyon,193,150,5.6,39,
2,71,Moulins,Mâcon,144,99,3.2,25.74,
3,4,Digne-les-Bains,Gap,87,74,4.5,19.24,
3,5,Digne-les-Bains,Nice,148,150,1,39,
3,83,Digne-les-Bains,Toulon,193,125,18,32.5,
3,84,Digne-les-Bains,Avignon,194,124,16.9,32.24,
4,5,Gap,Nice,327,197,36.1,51.22,
4,6,Gap,Privas,168,180,0,46.8,
4,26,Gap,Valence,193,164,11.3,42.64,
4,38,Gap,Grenoble,111,116,0,30.16,
4,84,Gap,Avignon,236,143,22.7,37.18,
5,19,Nice,Ajaccio,258,409,0,106.34,
5,20,Nice,Bastia,398,469,3.4,121.94,
5,83,Nice,Toulon,150,98,17.1,25.48,
6,26,Privas,Valence,42,48,1.7,12.48,
6,42,Privas,Saint-Étienne,162,116,12.9,30.16,
6,43,Privas,Le Puy-en-Velay,94,108,0,28.08,
6,48,Privas,Mende,137,147,0,38.22,
6,84,Privas,Avignon,123,86,10.4,22.36,
7,51,Charleville-Mézières,Châlons-en-Champagne,128,81,3,21.06,
7,55,Charleville-Mézières,Bar-le-Duc,190,126,3.5,32.76,
7,57,Charleville-Mézières,Metz,203,137,0,35.62,
7,59,Charleville-Mézières,Lille,220,152,0,39.52,
8,10,Foix,Carcassonne,124,77,8.6,20.02,
8,31,Foix,Toulouse,89,62,6.2,16.12,
8,65,Foix,Tarbes,154,122,8.1,31.72,
8,66,Foix,Perpignan,235,134,20.1,34.84,
9,51,Troyes,Châlons-en-Champagne,235,134,20.1,34.84,
9,52,Troyes,Chaumont,235,134,20.1,34.84,
9,55,Troyes,Bar-le-Duc,103,66,7.1,17.16,
9,77,Troyes,Melun,124,82,9.2,21.32,
9,89,Troyes,Auxerre,76,85,0,22.1,
10,31,Carcassonne,Toulouse,95,66,9.3,17.16,
10,34,Carcassonne,Montpellier,157,101,17.3,26.26,
10,66,Carcassonne,Perpignan,114,73,11.9,18.98,
10,81,Carcassonne,Albi,114,73,11.9,18.98,
11,14,Rodez,Aurillac,72,55,0,14.3,
11,34,Rodez,Montpellier,103,103,0,26.78,
11,46,Rodez,Cahors,103,103,0,26.78,
11,48,Rodez,Mende,108,90,0,23.4,
11,81,Rodez,Albi,108,90,0,23.4,
11,82,Rodez,Montauban,150,111,0,28.86,
12,30,Marseille,Nîmes,150,111,0,28.86,
12,83,Marseille,Toulon,150,111,0,28.86,
12,84,Marseille,Avignon,64,55,5.2,14.3,
13,27,Caen,Évreux,155,97,12.9,25.22,
13,50,Caen,Saint-Lô,75,55,0,14.3,
13,61,Caen,Alençon,75,55,0,14.3,
13,76,Caen,Rouen,75,55,0,14.3,
14,18,Aurillac,Tulle,83,78,0,20.28,
14,43,Aurillac,Le Puy-en-Velay,172,155,0,40.3,
14,46,Aurillac,Cahors,136,132,0,34.32,
14,48,Aurillac,Mende,151,132,0,34.32,
14,63,Aurillac,Clermont-Ferrand,171,147,0,38.22,
15,16,Angoulême,La Rochelle,155,119,4.6,30.94,
15,24,Angoulême,Périgueux,87,87,0,22.62,
15,33,Angoulême,Bordeaux,123,96,0,24.96,
15,79,Angoulême,Niort,119,98,0,25.48,
15,86,Angoulême,Poitiers,116,88,0,22.88,
15,87,Angoulême,Limoges,109,85,0,22.1,
16,33,La Rochelle,Bordeaux,189,122,18.5,31.72,
16,79,La Rochelle,Niort,66,56,0,14.56,
16,85,La Rochelle,La Roche-sur-Yon,85,82,1.1,21.32,
17,23,Bourges,Guéret,173,110,8.8,28.6,
17,36,Bourges,Châteauroux,102,72,3.2,18.72,
17,37,Bourges,Tours,166,107,16.7,27.82,
17,41,Bourges,Blois,116,93,6.7,24.18,
17,45,Bourges,Orléans,116,93,6.7,24.18,
17,58,Bourges,Nevers,67,74,0,19.24,
17,89,Bourges,Auxerre,144,135,4.2,35.1,
18,23,Tulle,Guéret,174,114,0,29.64,
18,24,Tulle,Périgueux,108,80,8.6,20.8,
18,63,Tulle,Clermont-Ferrand,144,103,12.3,26.78,
18,87,Tulle,Limoges,90,66,0,17.16,
19,20,Ajaccio,Bastia,150,163,0,42.38,
19,83,Ajaccio,Toulon,696,704,22,183.04,
20,83,Bastia,Toulon,548,544,22,141.44,
21,25,Dijon,Besançon,98,73,8,18.98,
21,39,Dijon,Lons-le-Saunier,98,68,6.7,17.68,
21,52,Dijon,Chaumont,109,72,7.9,18.72,
21,58,Dijon,Nevers,182,171,0,44.46,
21,70,Dijon,Vesoul,136,93,8,24.18,
21,89,Dijon,Auxerre,151,103,10,26.78,
22,29,Saint-Brieuc,Quimper,154,108,0,28.08,
22,35,Saint-Brieuc,Rennes,98,67,0,17.42,
22,50,Saint-Brieuc,Saint-Lô,196,122,0,31.72,
22,56,Saint-Brieuc,Vannes,118,94,0,24.44,
23,36,Guéret,Châteauroux,121,80,0,20.8,
23,63,Guéret,Clermont-Ferrand,176,114,11.1,29.64,
23,86,Guéret,Poitiers,147,134,0,34.84,
23,87,Guéret,Limoges,90,64,0,16.64,
24,33,Périgueux,Bordeaux,136,88,11.6,22.88,
24,46,Périgueux,Cahors,171,112,0,29.12,
24,47,Périgueux,Agen,136,126,0,32.76,
24,87,Périgueux,Limoges,99,100,0,26,
25,39,Besançon,Lons-le-Saunier,84,77,0,20.02,
25,70,Besançon,Vesoul,50,47,0,12.22,
26,38,Valence,Grenoble,92,60,11.3,15.6,
26,42,Valence,Saint-Étienne,122,85,9,22.1,
26,84,Valence,Avignon,129,85,13.1,22.1,
27,28,Évreux,Chartres,85,77,0,20.02,
27,61,Évreux,Alençon,115,97,0,25.22,
27,76,Évreux,Rouen,58,53,2.4,13.78,
27,95,Évreux,Cergy,79,73,3,18.98,
28,45,Chartres,Orléans,81,71,5.1,18.46,
28,72,Chartres,Le Mans,121,87,11.9,22.62,
28,78,Chartres,Versailles,86,72,8,18.72,
29,35,Quimper,Rennes,214,140,0,36.4,
29,56,Quimper,Vannes,121,80,0,20.8,
30,34,Nîmes,Montpellier,52,49,3.4,12.74,
30,48,Nîmes,Mende,146,151,0,39.26,
30,84,Nîmes,Avignon,51,50,2.3,13,
31,32,Toulouse,Auch,80,66,0,17.16,
31,65,Toulouse,Tarbes,155,102,9.9,26.52,
31,81,Toulouse,Albi,75,56,1.7,14.56,
31,82,Toulouse,Montauban,53,49,3.2,12.74,
32,40,Auch,Mont-de-Marsan,104,99,0,25.74,
32,47,Auch,Agen,74,79,0,20.54,
32,65,Auch,Tarbes,73,77,0,20.02,
32,82,Auch,Montauban,86,85,0,22.1,
33,40,Bordeaux,Mont-de-Marsan,134,94,17.5,24.44,
33,47,Bordeaux,Agen,140,90,12,23.4,
34,48,Montpellier,Mende,200,144,13.8,37.44,
34,66,Montpellier,Perpignan,161,100,17.4,26,
35,44,Rennes,Nantes,110,88,0,22.88,
35,49,Rennes,Angers,132,98,0,25.48,
35,50,Rennes,Saint-Lô,152,94,0,24.44,
35,53,Rennes,Laval,82,66,2.2,17.16,
35,56,Rennes,Vannes,112,85,0,22.1,
36,37,Châteauroux,Tours,124,106,2.6,27.56,
36,41,Châteauroux,Blois,101,96,0,24.96,
36,86,Châteauroux,Poitiers,128,124,0,32.24,
37,41,Tours,Blois,66,49,6.9,12.74,
37,49,Tours,Angers,128,77,12.7,20.02,
37,72,Tours,Le Mans,128,77,12.7,20.02,
37,86,Tours,Poitiers,128,77,12.7,20.02,
38,69,Grenoble,Lyon,577,381,43.7,99.06,
38,73,Grenoble,Chambéry,57,41,6.7,10.66,
39,71,Lons-le-Saunier,Mâcon,98,67,7.9,17.42,
39,89,Lons-le-Saunier,Auxerre,251,148,22.4,38.48,
40,47,Mont-de-Marsan,Agen,122,99,2.6,25.74,
40,64,Mont-de-Marsan,Pau,106,78,15.6,20.28,
41,45,Blois,Orléans,61,48,6.6,12.48,
42,43,Saint-Étienne,Le Puy-en-Velay,74,60,0,15.6,
42,63,Saint-Étienne,Clermont-Ferrand,146,99,10.8,25.74,
42,69,Saint-Étienne,Lyon,64,63,0,16.38,
43,48,Le Puy-en-Velay,Mende,89,88,0,22.88,
43,63,Le Puy-en-Velay,Clermont-Ferrand,128,112,0,29.12,
44,49,Nantes,Angers,90,60,10.4,15.6,
44,56,Nantes,Vannes,112,90,0,23.4,
44,79,Nantes,Niort,144,97,12.7,25.22,
44,85,Nantes,La Roche-sur-Yon,70,59,2.2,15.34,
45,89,Orléans,Auxerre,174,107,30.5,27.82,
45,91,Orléans,Évry-Courcouronnes,122,83,13,21.58,
46,47,Cahors,Agen,86,88,0,22.88,
46,81,Cahors,Albi,133,103,4.4,26.78,
46,82,Cahors,Montauban,60,51,4.4,13.26,
47,82,Agen,Montauban,86,61,7.1,15.86,
49,53,Angers,Laval,81,68,0,17.68,
49,72,Angers,Le Mans,96,66,10.2,17.16,
49,79,Angers,Niort,194,122,15.4,31.72,
49,85,Angers,La Roche-sur-Yon,132,83,12.4,21.58,
49,86,Angers,Poitiers,139,129,0,33.54,
50,53,Saint-Lô,Laval,171,122,0,31.72,
50,61,Saint-Lô,Alençon,175,107,15.1,27.82,
51,55,Châlons-en-Champagne,Bar-le-Duc,70,60,0,15.6,
51,77,Châlons-en-Champagne,Melun,220,125,18.8,32.5,
51,93,Châlons-en-Champagne,Bobigny,184,122,16.5,31.72,
51,94,Châlons-en-Champagne,Créteil,182,116,16.5,30.16,
52,55,Chaumont,Bar-le-Duc,96,81,0,21.06,
52,70,Chaumont,Vesoul,111,97,0,25.22,
52,88,Chaumont,Épinal,126,101,3.3,26.26,
53,61,Laval,Alençon,127,81,12.4,21.06,
53,72,Laval,Le Mans,86,66,8.9,17.16,
54,55,Nancy,Bar-le-Duc,84,73,0,18.98,
54,57,Nancy,Metz,56,47,0,12.22,
54,67,Nancy,Strasbourg,157,117,4,30.42,
54,88,Nancy,Épinal,74,63,0,16.38,
55,57,Bar-le-Duc,Metz,125,91,6.8,23.66,
57,67,Metz,Strasbourg,163,99,15.2,25.74,
57,88,Metz,Épinal,134,93,0,24.18,
58,89,Nevers,Auxerre,110,108,0,28.08,
59,62,Lille,Arras,54,48,0,12.48,
60,76,Beauvais,Rouen,81,92,0,23.92,
60,80,Beauvais,Amiens,62,51,4.9,13.26,
60,95,Beauvais,Cergy,68,53,4.3,13.78,
61,72,Alençon,Le Mans,55,52,4,13.52,
62,80,Arras,Amiens,99,72,7.9,18.72,
63,69,Clermont-Ferrand,Lyon,166,114,16.3,29.64,
64,65,Pau,Tarbes,43,48,2,12.48,
67,68,Strasbourg,Colmar,77,58,0,15.08,
67,88,Strasbourg,Épinal,158,132,4,34.32,
68,88,Colmar,Épinal,92,108,0,28.08,
68,90,Colmar,Belfort,72,55,3.1,14.3,
69,71,Lyon,Mâcon,72,57,6,14.82,
69,73,Lyon,Chambéry,104,87,13.4,22.62,
70,88,Vesoul,Épinal,89,65,0,16.9,
70,90,Vesoul,Belfort,70,55,0,14.3,
71,89,Mâcon,Auxerre,233,136,21.5,35.36,
73,74,Chambéry,Annecy,52,48,5.6,12.48,
75,77,Paris,Melun,58,61,0,15.86,
75,78,Paris,Versailles,21,47,0,12.22,
75,91,Paris,Évry-Courcouronnes,35,52,0,13.52,
75,92,Paris,Nanterre,13,47,0,12.22,
75,93,Paris,Bobigny,19,38,0,9.88,
75,94,Paris,Créteil,15,26,0,6.76,
75,95,Paris,Cergy,39,60,0,15.6,
76,80,Rouen,Amiens,120,82,5.2,21.32,
77,89,Melun,Auxerre,124,88,7.5,22.88,
77,91,Melun,Évry-Courcouronnes,27,27,0,7.02,
77,94,Melun,Créteil,37,45,0,11.7,
78,91,Versailles,Évry-Courcouronnes,36,51,0,13.26,
78,92,Versailles,Nanterre,14,25,6.6,6.5,
78,94,Versailles,Créteil,30,46,0,11.96,
78,95,Versailles,Cergy,49,50,6.6,13,
79,85,Niort,La Roche-sur-Yon,92,71,5,18.46,
79,86,Niort,Poitiers,79,64,5.6,16.64,
80,95,Amiens,Cergy,123,83,10.2,21.58,
81,82,Albi,Montauban,74,65,0,16.9,
86,87,Poitiers,Limoges,134,127,0,33.02,
88,90,Épinal,Belfort,114,79,0,20.54,
91,94,Évry-Courcouronnes,Créteil,33,44,0,11.44,
92,93,Nanterre,Bobigny,24,34,0,8.84,
92,95,Nanterre,Cergy,36,35,0,9.1,
93,94,Bobigny,Créteil,19,33,0,8.58,
