experimento,inject_aco_seed,generacion,mejor_costo
seed_aco_true,True,1,4022.039333
seed_aco_true,True,2,4022.039333
seed_aco_true,True,3,4022.039333
seed_aco_true,True,4,4022.039333
seed_aco_true,True,5,4022.039333
seed_aco_true,True,6,4022.039333
seed_aco_true,True,7,4022.039333
seed_aco_true,True,8,4022.039333
seed_aco_true,True,9,4022.039333
seed_aco_true,True,10,4022.039333
seed_aco_true,True,11,4022.039333
seed_aco_true,True,12,4022.039333
seed_aco_true,True,13,4022.039333
seed_aco_true,True,14,4022.039333
seed_aco_true,True,15,4022.039333
seed_aco_true,True,16,4022.039333
seed_aco_true,True,17,4022.039333
seed_aco_true,True,18,4022.039333
seed_aco_true,True,19,4022.039333
seed_aco_true,True,20,4022.039333
seed_aco_true,True,21,4022.039333
seed_aco_true,True,22,4022.039333
seed_aco_true,True,23,4022.039333
seed_aco_true,True,24,4022.039333
seed_aco_true,True,25,4022.039333
seed_aco_true,True,26,4022.039333
seed_aco_true,True,27,4022.039333
seed_aco_true,True,28,4022.039333
seed_aco_true,True,29,4022.039333
seed_aco_true,True,30,4022.039333
seed_aco_true,True,31,4022.039333
seed_aco_true,True,32,4022.039333
seed_aco_true,True,33,4022.039333
seed_aco_true,True,34,4022.039333
seed_aco_true,True,35,4022.039333
seed_aco_true,True,36,4022.039333
seed_aco_true,True,37,4022.039333
seed_aco_true,True,38,4022.039333
seed_aco_true,True,39,4022.039333
seed_aco_true,True,40,4022.039333
seed_aco_true,True,41,4022.039333
seed_aco_true,True,42,4022.039333
seed_aco_true,True,43,4022.039333
seed_aco_true,True,44,4022.039333
seed_aco_true,True,45,4022.039333
seed_aco_true,True,46,4022.039333
seed_aco_true,True,47,4022.039333
seed_aco_true,True,48,4022.039333
seed_aco_true,True,49,4022.039333
seed_aco_true,True,50,4022.039333
seed_aco_true,True,51,4022.039333
seed_aco_true,True,52,4022.039333
seed_aco_true,True,53,4022.039333
seed_aco_true,True,54,4022.039333
seed_aco_true,True,55,4022.039333
seed_aco_true,True,56,4022.039333
seed_aco_true,True,57,4022.039333
seed_aco_true,True,58,4022.039333
seed_aco_true,True,59,4022.039333
seed_aco_true,True,60,4022.039333
seed_aco_true,True,61,4022.039333
seed_aco_true,True,62,4022.039333
seed_aco_true,True,63,4022.039333
seed_aco_true,True,64,4022.039333
seed_aco_true,True,65,4022.039333
seed_aco_true,True,66,4022.039333
seed_aco_true,True,67,4022.039333
seed_aco_true,True,68,4022.039333
seed_aco_true,True,69,4022.039333
seed_aco_true,True,70,4022.039333
seed_aco_true,True,71,4022.039333
seed_aco_true,True,72,4022.039333
seed_aco_true,True,73,4022.039333
seed_aco_true,True,74,4022.039333
seed_aco_true,True,75,4022.039333
seed_aco_true,True,76,4022.039333
seed_aco_true,True,77,4022.039333
seed_aco_true,True,78,4022.039333
seed_aco_true,True,79,4022.039333
seed_aco_true,True,80,4022.039333
seed_aco_true,True,81,4022.039333
seed_aco_true,True,82,4022.039333
seed_aco_true,True,83,4022.039333
seed_aco_true,True,84,4022.039333
seed_aco_true,True,85,4022.039333
seed_aco_true,True,86,4022.039333
seed_aco_true,True,87,4022.039333
seed_aco_true,True,88,4022.039333
seed_aco_true,True,89,4022.039333
seed_aco_true,True,90,4022.039333
seed_aco_true,True,91,4022.039333
seed_aco_true,True,92,4022.039333
seed_aco_true,True,93,4022.039333
seed_aco_true,True,94,4022.039333
seed_aco_true,True,95,4022.039333
seed_aco_true,True,96,4022.039333
seed_aco_true,True,97,4022.039333
seed_aco_true,True,98,4022.039333
seed_aco_true,True,99,4022.039333
seed_aco_true,True,100,4022.039333
seed_aco_true,True,101,4022.039333
seed_aco_true,True,102,4022.039333
seed_aco_true,True,103,4022.039333
seed_aco_true,True,104,4022.039333
seed_aco_true,True,105,4022.039333
seed_aco_true,True,106,4022.039333
seed_aco_true,True,107,4022.039333
seed_aco_true,True,108,3987.716
seed_aco_true,True,109,3987.716
seed_aco_true,True,110,3987.716
seed_aco_true,True,111,3987.716
seed_aco_true,True,112,3987.716
seed_aco_true,True,113,3987.716
seed_aco_true,True,114,3987.716
seed_aco_true,True,115,3987.716
seed_aco_true,True,116,3987.716
seed_aco_true,True,117,3987.716
seed_aco_true,True,118,3987.716
seed_aco_true,True,119,3987.716
seed_aco_true,True,120,3987.716
seed_aco_true,True,121,3987.716
seed_aco_true,True,122,3987.716
seed_aco_true,True,123,3987.716
seed_aco_true,True,124,3987.716
seed_aco_true,True,125,3987.716
seed_aco_true,True,126,3987.716
seed_aco_true,True,127,3987.716
seed_aco_true,True,128,3987.716
seed_aco_true,True,129,3987.716
seed_aco_true,True,130,3987.716
seed_aco_true,True,131,3987.716
seed_aco_true,True,132,3987.716
seed_aco_true,True,133,3987.716
seed_aco_true,True,134,3987.716
seed_aco_true,True,135,3987.716
seed_aco_true,True,136,3987.716
seed_aco_true,True,137,3987.716
seed_aco_true,True,138,3987.716
seed_aco_true,True,139,3987.716
seed_aco_true,True,140,3987.716
seed_aco_true,True,141,3987.716
seed_aco_true,True,142,3987.716
seed_aco_true,True,143,3987.716
seed_aco_true,True,144,3987.716
seed_aco_true,True,145,3987.716
seed_aco_true,True,146,3987.716
seed_aco_true,True,147,3987.716
seed_aco_true,True,148,3987.716
seed_aco_true,True,149,3987.716
seed_aco_true,True,150,3987.716
seed_aco_true,True,151,3987.716
seed_aco_true,True,152,3987.716
seed_aco_true,True,153,3987.716
seed_aco_true,True,154,3987.716
seed_aco_true,True,155,3987.716
seed_aco_true,True,156,3987.716
seed_aco_true,True,157,3987.716
seed_aco_true,True,158,3987.716
seed_aco_true,True,159,3987.716
seed_aco_true,True,160,3975.266333
seed_aco_true,True,161,3975.266333
seed_aco_true,True,162,3975.266333
seed_aco_true,True,163,3975.266333
seed_aco_true,True,164,3975.266333
seed_aco_true,True,165,3975.266333
seed_aco_true,True,166,3975.266333
seed_aco_true,True,167,3975.266333
seed_aco_true,True,168,3975.266333
seed_aco_true,True,169,3975.266333
seed_aco_true,True,170,3975.266333
seed_aco_true,True,171,3975.266333
seed_aco_true,True,172,3975.266333
seed_aco_true,True,173,3975.266333
seed_aco_true,True,174,3975.266333
seed_aco_true,True,175,3975.266333
seed_aco_true,True,176,3975.266333
seed_aco_true,True,177,3975.266333
seed_aco_true,True,178,3975.266333
seed_aco_true,True,179,3975.266333
seed_aco_true,True,180,3975.266333
seed_aco_true,True,181,3975.266333
seed_aco_true,True,182,3975.266333
seed_aco_true,True,183,3975.266333
seed_aco_true,True,184,3975.266333
seed_aco_true,True,185,3975.266333
seed_aco_true,True,186,3975.266333
seed_aco_true,True,187,3975.266333
seed_aco_true,True,188,3975.266333
seed_aco_true,True,189,3975.266333
seed_aco_true,True,190,3975.266333
seed_aco_true,True,191,3975.266333
seed_aco_true,True,192,3975.266333
seed_aco_true,True,193,3975.266333
seed_aco_true,True,194,3975.266333
seed_aco_true,True,195,3975.266333
seed_aco_true,True,196,3975.266333
seed_aco_true,True,197,3975.266333
seed_aco_true,True,198,3975.266333
seed_aco_true,True,199,3975.266333
seed_aco_true,True,200,3975.266333
seed_aco_false,False,1,19408.174992
seed_aco_false,False,2,19011.97331
seed_aco_false,False,3,18890.128977
seed_aco_false,False,4,18247.915992
seed_aco_false,False,5,17997.963988
seed_aco_false,False,6,17290.998322
seed_aco_false,False,7,16961.545988
seed_aco_false,False,8,16521.414982
seed_aco_false,False,9,16043.635987
seed_aco_false,False,10,15760.805318
seed_aco_false,False,11,15461.879653
seed_aco_false,False,12,15135.06498
seed_aco_false,False,13,14692.697321
seed_aco_false,False,14,13931.23198
seed_aco_false,False,15,13931.23198
seed_aco_false,False,16,13931.23198
seed_aco_false,False,17,13492.789317
seed_aco_false,False,18,13475.06499
seed_aco_false,False,19,13475.06499
seed_aco_false,False,20,13273.563651
seed_aco_false,False,21,13143.014318
seed_aco_false,False,22,12931.769318
seed_aco_false,False,23,12855.075651
seed_aco_false,False,24,12734.797987
seed_aco_false,False,25,12734.797987
seed_aco_false,False,26,12642.553984
seed_aco_false,False,27,12496.334989
seed_aco_false,False,28,12370.372321
seed_aco_false,False,29,12297.547987
seed_aco_false,False,30,12201.081991
seed_aco_false,False,31,12108.19099
seed_aco_false,False,32,11848.560992
seed_aco_false,False,33,11848.560992
seed_aco_false,False,34,11782.897655
seed_aco_false,False,35,11750.355658
seed_aco_false,False,36,11475.787656
seed_aco_false,False,37,11390.257656
seed_aco_false,False,38,11327.643655
seed_aco_false,False,39,11166.053656
seed_aco_false,False,40,11078.160659
seed_aco_false,False,41,11004.980658
seed_aco_false,False,42,10824.741657
seed_aco_false,False,43,10781.243992
seed_aco_false,False,44,10708.562658
seed_aco_false,False,45,10425.92466
seed_aco_false,False,46,10406.450328
seed_aco_false,False,47,10344.124326
seed_aco_false,False,48,10265.14366
seed_aco_false,False,49,10265.14366
seed_aco_false,False,50,10265.14366
seed_aco_false,False,51,10251.969327
seed_aco_false,False,52,10166.809994
seed_aco_false,False,53,10166.809994
seed_aco_false,False,54,10136.989328
seed_aco_false,False,55,10103.28666
seed_aco_false,False,56,10063.41866
seed_aco_false,False,57,9970.993327
seed_aco_false,False,58,9970.993327
seed_aco_false,False,59,9970.993327
seed_aco_false,False,60,9868.799327
seed_aco_false,False,61,9864.709327
seed_aco_false,False,62,9864.709327
seed_aco_false,False,63,9762.515327
seed_aco_false,False,64,9695.447994
seed_aco_false,False,65,9648.627994
seed_aco_false,False,66,9639.907328
seed_aco_false,False,67,9639.907328
seed_aco_false,False,68,9613.021994
seed_aco_false,False,69,9613.021994
seed_aco_false,False,70,9545.972995
seed_aco_false,False,71,9530.447994
seed_aco_false,False,72,9438.687328
seed_aco_false,False,73,9420.073994
seed_aco_false,False,74,9420.073994
seed_aco_false,False,75,9407.644993
seed_aco_false,False,76,9407.644993
seed_aco_false,False,77,9407.644993
seed_aco_false,False,78,9393.105993
seed_aco_false,False,79,9380.676992
seed_aco_false,False,80,9372.751325
seed_aco_false,False,81,9283.392992
seed_aco_false,False,82,9253.35466
seed_aco_false,False,83,9253.35466
seed_aco_false,False,84,9248.996993
seed_aco_false,False,85,9129.600328
seed_aco_false,False,86,9104.766995
seed_aco_false,False,87,9104.766995
seed_aco_false,False,88,9104.766995
seed_aco_false,False,89,9104.766995
seed_aco_false,False,90,9104.766995
seed_aco_false,False,91,9057.133662
seed_aco_false,False,92,9057.133662
seed_aco_false,False,93,9057.133662
seed_aco_false,False,94,8954.677662
seed_aco_false,False,95,8954.677662
seed_aco_false,False,96,8954.677662
seed_aco_false,False,97,8950.456997
seed_aco_false,False,98,8950.456997
seed_aco_false,False,99,8904.161664
seed_aco_false,False,100,8904.161664
seed_aco_false,False,101,8904.161664
seed_aco_false,False,102,8833.148997
seed_aco_false,False,103,8785.842996
seed_aco_false,False,104,8785.842996
seed_aco_false,False,105,8747.886662
seed_aco_false,False,106,8747.886662
seed_aco_false,False,107,8747.886662
seed_aco_false,False,108,8719.625329
seed_aco_false,False,109,8719.625329
seed_aco_false,False,110,8719.625329
seed_aco_false,False,111,8686.580663
seed_aco_false,False,112,8686.580663
seed_aco_false,False,113,8685.289661
seed_aco_false,False,114,8685.289661
seed_aco_false,False,115,8681.784663
seed_aco_false,False,116,8663.538329
seed_aco_false,False,117,8637.202661
seed_aco_false,False,118,8637.202661
seed_aco_false,False,119,8635.380995
seed_aco_false,False,120,8630.493663
seed_aco_false,False,121,8630.493663
seed_aco_false,False,122,8615.451329
seed_aco_false,False,123,8615.451329
seed_aco_false,False,124,8582.406663
seed_aco_false,False,125,8575.08833
seed_aco_false,False,126,8568.036997
seed_aco_false,False,127,8563.794996
seed_aco_false,False,128,8534.992331
seed_aco_false,False,129,8534.992331
seed_aco_false,False,130,8534.992331
seed_aco_false,False,131,8534.992331
seed_aco_false,False,132,8534.992331
seed_aco_false,False,133,8491.51933
seed_aco_false,False,134,8491.51933
seed_aco_false,False,135,8484.355665
seed_aco_false,False,136,8437.637995
seed_aco_false,False,137,8437.637995
seed_aco_false,False,138,8387.001329
seed_aco_false,False,139,8353.791329
seed_aco_false,False,140,8299.942331
seed_aco_false,False,141,8299.942331
seed_aco_false,False,142,8299.942331
seed_aco_false,False,143,8299.942331
seed_aco_false,False,144,8299.942331
seed_aco_false,False,145,8279.325664
seed_aco_false,False,146,8279.325664
seed_aco_false,False,147,8271.14633
seed_aco_false,False,148,8271.14633
seed_aco_false,False,149,8248.943664
seed_aco_false,False,150,8240.76433
seed_aco_false,False,151,8235.35033
seed_aco_false,False,152,8191.747663
seed_aco_false,False,153,8191.747663
seed_aco_false,False,154,8191.747663
seed_aco_false,False,155,8161.40033
seed_aco_false,False,156,8161.40033
seed_aco_false,False,157,8161.40033
seed_aco_false,False,158,8161.40033
seed_aco_false,False,159,8100.895998
seed_aco_false,False,160,8100.895998
seed_aco_false,False,161,8070.548665
seed_aco_false,False,162,8070.548665
seed_aco_false,False,163,8070.548665
seed_aco_false,False,164,8070.548665
seed_aco_false,False,165,8070.548665
seed_aco_false,False,166,8070.548665
seed_aco_false,False,167,8025.388998
seed_aco_false,False,168,8025.388998
seed_aco_false,False,169,8025.388998
seed_aco_false,False,170,8025.388998
seed_aco_false,False,171,7981.816997
seed_aco_false,False,172,7912.606333
seed_aco_false,False,173,7912.606333
seed_aco_false,False,174,7912.606333
seed_aco_false,False,175,7869.034332
seed_aco_false,False,176,7869.034332
seed_aco_false,False,177,7869.034332
seed_aco_false,False,178,7844.236664
seed_aco_false,False,179,7844.236664
seed_aco_false,False,180,7844.236664
seed_aco_false,False,181,7844.236664
seed_aco_false,False,182,7844.236664
seed_aco_false,False,183,7844.236664
seed_aco_false,False,184,7844.236664
seed_aco_false,False,185,7844.236664
seed_aco_false,False,186,7844.236664
seed_aco_false,False,187,7844.236664
seed_aco_false,False,188,7844.236664
seed_aco_false,False,189,7844.236664
seed_aco_false,False,190,7844.236664
seed_aco_false,False,191,7844.236664
seed_aco_false,False,192,7832.302665
seed_aco_false,False,193,7832.302665
seed_aco_false,False,194,7832.302665
seed_aco_false,False,195,7832.302665
seed_aco_false,False,196,7787.260331
seed_aco_false,False,197,7785.332996
seed_aco_false,False,198,7785.332996
seed_aco_false,False,199,7785.332996
seed_aco_false,False,200,7785.332996
